Date,ARCHER-DANIELS-MIDLAND CO,BANK OF AMERICA CORP,CONAGRA BRANDS INC,COLGATE-PALMOLIVE CO,CAMPBELL SOUP CO,JOHNSON & JOHNSON,JPMORGAN CHASE & CO,KELLANOVA,COCA-COLA CO,LILLY (ELI) & CO,MERCK & CO,PFIZER INC,PROCTER & GAMBLE CO,TYSON FOODS INC  -CL A,WALMART INC
1963-01,,0.0608,,0.0724,0.0935,0.1024,0.0586,0.1511,0.0587,0.0915,0.1079,0.0688,0.0337,,
1963-02,,0.0145,,0,-0.1033,0.0196,0.0341,-0.0602,-0.0028,0.0365,-0.064,-0.0307,-0.0307,,
1963-03,,0.0139,,0.0722,0.0119,0.0033,-0.0253,0.0992,0.0464,-0.0145,0.0382,0.0103,0.0423,,
1963-04,,0.1339,,0.0459,0.0031,0.012,-0.0184,-0.0526,-0.0107,0.0501,0.0797,0.0787,0.0561,,
1963-05,,0.0686,,0.0102,0.021,0.0509,-0.0116,0.0988,0.0054,0.0258,0.0014,0.0038,-0.0161,,
1963-06,,-0.0293,,0.0731,-0.0231,0,0.0184,0.0345,0.0153,-0.0055,0.0078,-0.0306,-0.0098,,
1963-07,,-0.0237,,0,0.0387,-0.0028,0,0.0648,0.0187,-0.0166,0.0582,-0.0534,-0.0277,,
1963-08,,0,,0.015,0.0331,0.0977,0.0232,-0.0029,0.0707,0.0118,0.1311,0.1272,0.0751,,
1963-09,,0.018,,0.0192,-0.0086,-0.034,-0.0289,0.0033,0.0042,0.0196,-0.0896,-0.08,0.0032,,
1963-10,,-0.0182,,-0.0852,0.0154,0.1601,-0.0147,0.0728,0.0147,0.1319,0.0793,0.0038,0.0082,,
1963-11,,-0.025,,-0.0386,0.0567,0.0023,-0.0507,0.0815,0.0198,-0.0209,-0.0249,-0.0047,0,,
1963-12,,0.051,,0.0185,0.0816,-0.0444,0.0167,-0.0172,0.1025,0.1,0.0713,-0.0124,0.0079,,
1964-01,,-0.0427,,-0.0352,-0.025,0.0319,0.0094,-0.0234,0.0216,-0.0227,0.0388,-0.0026,0.0336,,
1964-02,,-0.0251,,0.0696,0.0011,0.0968,0.0464,0.0228,0.0032,0.0852,0.0374,0.0194,-0.0061,,
1964-03,,0.026,,0.0237,0.0455,-0.0694,0.0186,-0.0029,0.0675,-0.0647,-0.0064,-0.0677,0.0368,,
1964-04,0.0034,-0.0191,,-0.0162,-0.0522,-0.0701,0.0132,-0.0147,0.006,-0.0415,-0.0353,0.0215,-0.0347,,
1964-05,0.0137,-0.0132,,0.068,0.0101,0.0327,-0.0115,0.0826,0.0099,0.0208,-0.0644,-0.0405,-0.0123,,
1964-06,-0.0241,-0.0398,,0.0388,-0.01,-0.01,0.0067,0.0389,0.0342,-0.0284,0.0656,0.0331,0.0312,,
1964-07,-0.007,0.09,,0.0011,-0.0115,-0.0024,0.0308,0,0.0504,0.0585,0.1107,0.0853,0.0234,,
1964-08,0.0248,0.0067,,-0.0509,-0.0378,-0.0174,0.0567,-0.016,-0.0091,-0.063,-0.0211,-0.0639,0.0015,,
1964-09,-0.007,0.0161,,0.0706,0.0036,0.0203,0.0759,0.0273,-0.0073,-0.005,0.0693,0.0106,0.0044,,
1964-10,-0.0071,0.0277,,0.0274,-0.0014,0.037,-0.0151,0.0585,-0.0333,-0.01,0.0435,0.0209,-0.0096,,
1964-11,0.0107,0.0123,,-0.0129,0.0036,0.0595,0.0102,0.0447,0.0326,0.1423,0.0444,0.0128,-0.0539,,
1964-12,0.0393,0.0002,,0.034,0.1071,0.0068,-0.0561,-0.0654,0.0504,0.0177,0.0665,0.0102,0.0316,,
1965-01,0.0137,0.0273,,0.0567,-0.0394,0.0827,0.0108,0.1088,0.0941,0.1174,0.0428,0.1035,-0.0403,,
1965-02,-0.0237,-0.0034,,0.0217,0.0135,0.0316,-0.038,0.0234,0.0227,0.0324,-0.0024,0.0092,-0.0305,,
1965-03,0.0282,0.0122,,0.0094,-0.0733,-0.0022,0.0108,-0.0275,-0.0629,0.0189,0.0097,0.0023,-0.0216,,
1965-04,0.0616,0.0175,,-0.0458,0.0209,0.0404,0,-0.0236,0.075,0.2156,0.094,0.0864,0.03,,
1965-05,-0.0677,0.0144,,-0.0283,0.0035,0.0391,-0.0622,0.0531,-0.0016,-0.0541,-0.0352,-0.0523,-0.0215,,
1965-06,-0.0632,-0.02,,-0.0342,-0.0106,-0.0709,-0.0327,-0.0968,-0.0184,-0.0649,-0.0023,-0.0621,-0.022,,
1965-07,-0.0599,0.0236,,-0.0157,-0.0329,0.1135,-0.007,-0.0255,0.0016,0.0833,0.0368,0.0875,0.0254,,
1965-08,-0.0231,0,,-0.0608,0.0112,0.0863,0.0977,0.034,0.0195,0.0592,0.0887,0.0848,-0.0306,,
1965-09,0.1198,0.0584,,0.0172,0.0331,0.0934,0.0258,-0.0636,0.0054,0.0334,0.002,0,0.0053,,
1965-10,0.0849,-0.011,,-0.0093,0.0384,-0.0823,-0.0917,-0.0543,-0.0159,-0.0706,0.1367,0.0543,-0.0145,,
1965-11,-0.0469,-0.0164,,-0.0558,0.0483,0.0983,-0.0229,-0.0236,0.0573,-0.0206,-0.0162,0.0847,0.0178,,
1965-12,0.0722,-0.0603,,0.0091,-0.0658,0.044,-0.0042,-0.0178,0.0585,0.0844,0.0368,0.0532,-0.0297,,
1966-01,0.1111,0.0299,,-0.0099,-0.0176,0.0855,-0.0118,0.003,-0.0029,0.0539,0.0018,0.0017,0.009,,
1966-02,-0.0085,-0.1049,,-0.0138,0.0181,0.0167,-0.0796,-0.1223,-0.0729,-0.0125,0.0372,-0.0279,-0.0719,,
1966-03,0.0617,-0.057,,0,-0.1064,-0.0212,-0.0282,0.0623,0.0626,-0.0145,0.0587,-0.0434,0.0233,,
1966-04,0.032,0.0067,,-0.0707,-0.0079,0.0108,0,0.0163,-0.0714,0.0616,-0.0259,-0.0417,-0.0568,,
1966-05,-0.1375,0.0417,,-0.0505,-0.0202,-0.0834,-0.0054,-0.0724,0.016,-0.1061,-0.0183,-0.075,0.0364,,
1966-06,-0.0099,-0.0385,,-0.0372,0,0.0932,-0.0133,0.0314,-0.0492,0.0124,0.0514,0.07,0.0039,,
1966-07,0.06,0.0553,,0.0376,-0.0165,-0.0747,-0.0225,-0.0541,0.0301,-0.0337,-0.0355,0.0269,0.0486,,
1966-08,-0.1126,-0.0587,,0.043,-0.0506,-0.1118,-0.1207,-0.0343,-0.0276,-0.0425,-0.0754,-0.194,0.0355,,
1966-09,-0.0287,-0.0057,,0.1237,-0.0711,-0.0537,0.0433,-0.0037,-0.0003,0.0433,0.0424,0.1215,0.0379,,
1966-10,0.0923,0.1273,,0.1092,0.1053,0.1099,0.1681,0.1386,0.1057,0.0128,0.0262,0.0708,0.0504,,
1966-11,-0.023,-0.003,,-0.0542,-0.0175,0.0486,-0.0624,-0.0184,0.0498,0.106,0.0823,0.0805,-0.02,,
1966-12,0.007,-0.0021,,-0.0176,-0.0356,0.0119,0.0585,-0.0135,0.0422,-0.0057,-0.0285,0.0163,-0.0068,,
1967-01,0,0.0514,,0.0448,0.0553,0.1023,0.047,0.0342,0.06,0.0086,-0.0065,0.1357,0.0795,,
1967-02,0.0354,-0.0791,,0.0563,-0.0925,0.0271,-0.0423,0.0318,0.0579,0.0246,0.0328,0.0179,-0.0096,,
1967-03,-0.0102,0.0212,,-0.0328,0.0049,0.1503,0.0758,0.0971,0.0301,0.1092,0.0394,-0.0202,0.0855,,
1967-04,0.2123,0.0524,,0.0975,0.0966,0.0541,-0.0235,-0.0442,0.0995,0.0227,0.0399,0.0759,0.0155,,
1967-05,0.0458,0.0492,,-0.0156,-0.0267,-0.0306,-0.0185,-0.0414,-0.0044,0.0212,-0.0914,-0.0215,0.0103,,
1967-06,-0.0191,-0.0531,,-0.0435,-0.0365,0.0265,0.0037,-0.0227,0.0978,0.0194,0.0695,-0.0151,0.0087,,
1967-07,0.2833,0.1209,,0.2107,0.0806,-0.0597,0.0328,0.0365,0.0355,0.0381,0.0762,0.0674,0.1263,,
1967-08,-0.0277,0.0064,,0.0997,-0.031,0.0622,0.0557,0.0083,-0.0617,0.0518,-0.0028,-0.0066,-0.0258,,
1967-09,-0.065,-0.0053,,0.0375,0.1918,0.1019,0.0285,0.0385,0.0378,-0.0044,-0.0074,-0.0522,-0.0066,,
1967-10,0.0528,0.007,,-0.0995,-0.1111,0.0192,-0.0148,0.0741,0,-0.0681,-0.0489,-0.0642,-0.0501,,
1967-11,0.0323,-0.0204,,0.0741,0.0696,0.0017,-0.0124,-0.1047,0.1194,0.0061,0.0377,-0.0418,-0.0113,,
1967-12,0.02,-0.0121,,0.1129,-0.0774,0.0576,0.0389,0.1005,-0.0399,-0.0024,-0.0105,0.036,0.0543,,
1968-01,-0.1111,0.1046,,-0.0923,0.0134,-0.075,0.0246,-0.0118,-0.0491,-0.0708,-0.0696,-0.1294,-0.0938,,
1968-02,0.0176,0.0192,0.1161,0.0375,0.0305,-0.0521,0.0362,-0.0036,0.0119,-0.001,-0.0127,-0.1192,0.0241,-0.0313,
1968-03,-0.0485,-0.0238,-0.1136,-0.1145,0,0.0125,-0.0052,-0.0904,0.0512,-0.023,0.0213,0.0586,0.0265,0.0976,
1968-04,0.2041,0.0195,0.0545,0.232,0.064,0.0831,0.0591,0.0927,0.0974,0.0862,0.1048,0.1232,0.0842,0.0149,
1968-05,0.0216,0.0941,0.1724,0.0056,0.0968,0.0273,0.0178,0.0267,0.0068,0.0572,0.0172,0.0665,-0.012,-0.0294,
1968-06,0.0167,0.0529,0.1382,-0.0111,-0.0479,0.0249,0.1024,-0.0179,0.0007,0.0251,-0.0011,-0.0189,0,0.5311,
1968-07,-0.0062,-0.033,-0.0649,0.0397,-0.1196,-0.0257,0.022,-0.0395,-0.0476,0.078,-0.0242,-0.0175,-0.0083,0.32,
1968-08,-0.0657,0.04,0.0972,-0.0378,0.0485,0.0114,0.0177,0.0941,0.0464,0.0368,0.0353,-0.0707,0.0122,-0.0606,
1968-09,-0.0245,0.0227,-0.0329,0.1292,0.0044,-0.044,0.0054,0,-0.0182,0.088,-0.0508,0.0309,-0.0567,0.2987,
1968-10,0.0091,0.0645,0.1842,0.0901,-0.0252,-0.013,0.0831,-0.0291,-0.0017,0.0735,0.0401,0.0075,0.0169,0.1816,
1968-11,0.1317,0,0.085,-0.0734,0.1565,0.1298,0.0679,0.0108,0.0443,0.0205,0.0358,0.0944,0.1133,0.0213,
1968-12,0.0704,0.0376,0.0581,-0.0248,-0.0415,0.0994,-0.0214,-0.006,-0.0386,0.0438,0.0017,0.0308,-0.1196,-0.0362,
1969-01,-0.0451,-0.0392,0,-0.042,-0.0265,0.0258,-0.0069,-0.0029,0.0035,0,0.0333,0.0565,-0.004,0.0543,
1969-02,-0.0291,-0.0612,-0.1633,-0.0107,-0.0325,-0.0092,-0.1215,0.0065,-0.047,-0.0645,-0.1022,-0.0962,-0.0292,-0.0928,
1969-03,-0.0163,0.0948,0.078,0.008,0.0296,0.0926,0.0775,0.0182,0.0395,0.0657,0.0503,0.0629,0.0407,-0.1986,
1969-04,-0.0207,0.08,-0.0227,0.0599,0.0619,0.0445,-0.0333,-0.0179,0.0195,-0.0292,0.0287,0.0691,0.0249,0.0286,
1969-05,-0.061,0,0,0.0152,-0.0078,-0.0126,-0.0115,0.0521,0.0398,0.0602,0.0334,0.0412,0.0725,0.1667,
1969-06,-0.0364,-0.0396,-0.1814,-0.045,-0.0625,-0.0679,-0.0654,-0.0291,-0.0689,-0.057,0.0036,-0.043,-0.0557,-0.1833,
1969-07,-0.1627,-0.0097,-0.1,-0.0199,-0.0325,0.0375,-0.1112,-0.0419,-0.0233,-0.0772,-0.0189,-0.0341,0.0157,-0.0588,
1969-08,-0.0107,0.0071,0.127,-0.0108,0.048,0.1379,0.1226,0.0225,0.0754,0.0545,0.0563,0.1216,0.0585,0.1094,
1969-09,0.2213,-0.0098,-0.0352,-0.057,-0.0083,0.0412,-0.0205,-0.0185,0.0645,0.1557,-0.007,-0.0316,0.0263,-0.062,
1969-10,0.04,0.0792,0.1324,0.0097,0.1011,0.1043,0.1452,0.0975,0.0807,0.0904,0.1067,0.1662,0.1362,0.1136,
1969-11,0.0231,0.0092,0.1591,0.0575,0.069,-0.0166,-0.1136,0.0292,-0.0633,0.0523,0.019,0.0346,-0.0386,-0.0272,
1969-12,-0.0022,-0.0389,-0.0059,-0.0326,0.0215,0.194,0.0368,-0.0787,0.0545,0.0733,0.0626,0.0235,0.0342,-0.0825,
1970-01,-0.0446,-0.0381,-0.1667,-0.0264,-0.0379,-0.1222,-0.0521,0.0183,-0.0365,0.0537,-0.1062,-0.0133,0.0196,-0.0769,
1970-02,0.115,0.0446,0.0429,-0.0029,0.0515,0.0106,0.1495,0.0401,0.0457,-0.0644,0.0792,0.0946,-0.0158,0.0667,
1970-03,-0.0211,0.0969,-0.0479,0.0029,-0.014,-0.0306,-0.0015,0.0233,-0.0273,0.0124,-0.0596,-0.0584,-0.0023,-0.1625,
1970-04,-0.0776,-0.0783,-0.1884,-0.1029,-0.1482,-0.0744,-0.1141,-0.054,-0.081,-0.0956,-0.076,-0.0692,-0.0796,-0.1509,
1970-05,-0.0841,0,-0.0179,-0.098,-0.1471,-0.0857,-0.083,-0.0739,-0.0356,-0.1431,-0.1088,-0.0577,-0.0163,-0.1111,
1970-06,0.0206,-0.0404,-0.0455,-0.0543,0.0246,0.0718,0.0814,0.0295,-0.0195,0.1111,0.0432,-0.0114,-0.0408,-0.06,
1970-07,0.0808,0.0891,0,0.1824,0.0827,0.059,0.0601,0.1083,0.0486,0.0114,-0.0703,0,0.1138,0.0541,
1970-08,0.028,0.0793,-0.0385,0.0098,-0.0314,-0.0136,0.0168,-0.0874,-0.0137,-0.0272,-0.0123,0.0954,0.0024,-0.0513,
1970-09,0.2661,-0.0085,-0.01,0.0259,0.0231,0.0848,0.0231,0.0701,0.0433,0.0963,0.1125,0.05,0.0144,-0.0108,
1970-10,0.029,-0.0513,-0.0204,0.0334,0.0462,0.0758,-0.0592,-0.0595,0.057,0.0479,-0.0113,0.0181,0.0397,-0.0556,
1970-11,-0.0634,0.0346,0.0938,0.0677,0.048,0.0367,0.0152,0.038,0.0681,0.0061,0.0114,0.0021,0.087,0,0.0952
1970-12,-0.0152,0.2105,0.01,0.1009,0.0792,-0.0298,0.1234,0.1852,0.0119,0.0063,0.1249,0.0393,-0.0232,-0.0706,0.1522
1971-01,0.05,-0.0145,0.12,-0.0162,0.0201,0.1316,-0.0538,-0.0104,0.0265,0.1233,-0.0379,0.0241,0.0147,0.2903,0.1274
1971-02,0.2125,-0.011,0.1696,0.0268,-0.0076,0.095,0.0081,0.0947,0.0014,0.0199,0.0105,-0.0034,0,-0.0125,0.2218
1971-03,0.0942,0.0323,0.0153,-0.0104,-0.0308,0.0957,0.1245,0.0049,0.0863,0.0947,0.046,0.0108,0.0662,0.1013,0.0822
1971-04,-0.0778,0.1159,0.0227,0.0206,0.0167,0.0939,-0.0743,0.0821,0.0199,-0.0302,0.0362,0.0301,-0.0244,0.2874,0.1139
1971-05,0.0723,0.0184,-0.0667,-0.0911,0,0.0249,-0.0646,-0.0402,0.0468,-0.0075,0.0024,-0.0227,-0.0165,-0.1429,0.108
1971-06,-0.0226,-0.0288,0.0159,0.063,0.0866,0.1127,-0.0423,-0.0798,0.0238,0.0157,-0.0151,0.0272,0.0882,-0.2396,-0.0462
1971-07,-0.1069,-0.0462,0.0315,0.0183,0.008,-0.0234,-0.0531,0,-0.0268,-0.0464,0.0086,-0.0325,0.0347,0.2329,0.2151
1971-08,0.0032,0.0854,-0.1221,0.032,-0.0942,-0.0282,0.014,0.0102,0.0914,0.0247,0.0426,0.1114,0.0807,-0.1667,0.115
1971-09,0.0325,0.0224,0.0435,0.0388,-0.032,-0.0096,0.0294,0.0255,-0.001,-0.0254,0.053,-0.0424,-0.0139,0.1867,-0.1032
1971-10,-0.0094,0.0408,-0.0672,0.0567,-0.0488,-0.0041,-0.0476,-0.0249,0.0046,-0.0565,0.0234,-0.0665,0.0053,-0.1348,0.0796
1971-11,-0.0349,0.0773,-0.073,-0.0427,-0.0175,0.0483,0.0167,0.102,-0.0033,-0.0037,0.0261,0.0102,0.0088,0.0909,-0.0328
1971-12,-0.0265,0.0843,0.0612,0.1609,0.0714,0.0451,0.0674,0.0093,0.127,0.0557,0.0566,0.1295,0.096,0.0833,0.3559
1972-01,-0.0442,-0.0363,-0.0194,0.0425,0.0175,0.0013,0,-0.0926,-0.0184,0.0527,0.0484,-0.0985,0.0239,0.1758,0.05
1972-02,-0.0676,0.0206,0.1089,0.0638,-0.0744,0.0459,-0.04,0.0714,0.0428,0.0949,0.0269,0.1066,0.0734,0.1776,0
1972-03,0.0231,0.0476,0.0089,0.0097,0.0714,0.0728,0.0967,0.0337,0.0123,-0.0057,0.0444,-0.039,0.032,-0.0714,0.3333
1972-04,0.1466,0.0934,-0.0536,-0.0327,-0.0617,0.0543,-0.0256,-0.0512,0.0347,-0.0423,0.0459,-0.0219,0.0367,0.1282,-0.1607
1972-05,0.1082,0.1032,0.0377,0.0717,0.0135,0.0266,-0.0504,-0.0294,0.0192,0.0411,0.0069,0.0486,0.0765,0.0682,0.3404
1972-06,-0.1339,0.1387,-0.0455,0.1022,0.0133,0.0272,-0.0721,0.0153,0.0078,0.029,0.067,0.0367,-0.0533,0.078,-0.0317
1972-07,0.1271,0.0664,0.0769,0.1651,-0.0079,-0.0081,-0.0303,-0.0352,0.0637,0.1222,0.0868,0.0147,0.039,-0.0461,-0.0451
1972-08,-0.061,0.041,-0.0536,-0.0203,-0.04,0.0152,0.1563,0.0269,-0.0053,0.0041,-0.0325,-0.0021,0.0039,-0.1172,0.0987
1972-09,0.0261,-0.0133,-0.0381,-0.0252,-0.0046,0.0081,-0.0636,0.1077,0.0011,-0.0334,0.0064,0.0029,0.0116,-0.0703,-0.0898
1972-10,0.051,0,0.0792,0.0394,0.0847,0.0392,0.0244,0.0556,0.0195,0.0934,0.0427,-0.0437,0.0754,-0.0588,0.1073
1972-11,0.103,-0.0373,0.1271,0.0294,0.1429,-0.0427,0.019,0.1235,-0.0058,-0.0373,-0.0073,0.0722,0.0298,-0.0089,0
1972-12,-0.0111,0.0035,-0.0171,0.0757,0.0152,0.0545,-0.0076,-0.0118,0.0421,0.0494,0.0535,-0.02,0.0312,-0.1892,0.0698
1973-01,0.0223,0.0246,0.1404,-0.0079,-0.0733,-0.0307,-0.0501,-0.0757,-0.0185,-0.0832,0.0547,-0.0233,-0.0212,0.1222,-0.1413
1973-02,0,0.0167,-0.0231,0.0081,0.0813,-0.0423,0.0176,-0.0079,-0.0377,0.155,-0.016,0.0158,-0.0172,0.0891,0.0464
1973-03,0.0275,0.0203,0.0315,0.0227,-0.0451,0.0031,-0.0352,0.1009,-0.0005,0.0193,0.037,-0.0265,-0.055,-0.0909,-0.2661
1973-04,-0.0267,-0.053,-0.0385,-0.0026,-0.0183,-0.0237,-0.0416,-0.004,-0.0125,-0.0627,-0.0771,-0.0424,-0.0098,0.17,-0.0165
1973-05,0.3297,0.0765,-0.088,-0.0984,0.0202,-0.0211,-0.0488,-0.0314,0.0199,0.0786,0.0113,0.0642,-0.0213,-0.188,-0.0168
1973-06,-0.1286,-0.1075,-0.1053,-0.0218,-0.0754,-0.0173,0.005,-0.0583,0.0199,-0.0347,0.0103,0.1164,0.0667,0.1158,-0.3125
1973-07,0.1095,0.1314,0.1386,0.2459,0.0831,0.0373,0.0778,0.0089,0.0061,0.0599,0.0348,0.0562,0.0921,0.1887,0.5868
1973-08,0.2489,-0.0095,-0.0348,-0.054,-0.056,0.0085,-0.1176,0.0358,-0.0217,-0.1389,-0.1218,-0.0575,-0.1293,-0.0476,-0.1177
1973-09,0.1759,0.0261,-0.0541,-0.0114,0.1017,-0.0042,0.1902,-0.0085,0.0415,0.0526,0.0061,-0.0323,0.0051,-0.0083,0.0651
1973-10,0.1026,0,-0.0385,-0.0536,0.0014,0.02,-0.0336,0.0345,-0.0248,0.0281,0.0504,0.0864,0.0462,0.0924,0.0444
1973-11,-0.1995,-0.1242,-0.1075,-0.1143,-0.0698,-0.0331,-0.0989,-0.041,-0.0869,-0.0583,-0.0116,-0.1186,-0.0788,-0.2,-0.3404
1973-12,0.14,0.1529,-0.2706,-0.0829,0,-0.0343,0.0023,0.0877,-0.025,-0.0405,-0.0459,0.0058,-0.0316,0.0481,-0.1371
1974-01,0.1053,-0.1203,0.0645,0.0205,0.139,-0.0588,0.0904,0.1371,-0.0711,-0.0354,-0.0325,-0.1192,-0.0223,0.0459,0.4206
1974-02,-0.0291,-0.079,0.1364,-0.0347,0.0664,-0.0372,0.0276,-0.0488,-0.0213,-0.0422,0.0048,0.0198,-0.0154,0.1228,-0.1184
1974-03,-0.0437,0.0275,-0.08,0.0256,-0.0865,0.0686,-0.0383,-0.0301,-0.038,0.033,0.0347,-0.0312,0.0043,-0.0625,-0.0642
1974-04,-0.1943,-0.0687,-0.1304,0.0409,0.0923,0,-0.0909,0.031,-0.042,0.055,-0.0062,-0.0872,0.0644,-0.1333,0.008
1974-05,-0.1099,-0.2213,-0.1333,0.0097,-0.1329,0.0564,-0.0875,-0.0436,0.0154,0.0149,-0.0171,0.0424,0.0453,-0.1635,0.0794
1974-06,0.064,-0.1524,-0.0769,0.0478,-0.1048,-0.0152,-0.0899,-0.0635,0.0129,0.0382,-0.0019,0.0355,0.0179,-0.2414,0.1471
1974-07,0.0376,-0.275,-0.3333,-0.1316,-0.0209,-0.1325,0.0308,-0.1186,-0.2118,-0.1472,-0.1465,-0.2055,-0.0444,-0.0606,0
1974-08,-0.0181,-0.1031,-0.0313,-0.1058,-0.0698,-0.1239,-0.1343,-0.1231,-0.1454,-0.0507,-0.047,-0.1486,-0.1278,-0.2742,-0.1538
1974-09,-0.1259,-0.3981,-0.0645,-0.2071,-0.07,-0.1208,0.0076,0.0444,-0.2882,-0.1052,-0.2087,-0.0612,-0.1178,-0.0889,-0.1409
1974-10,0.1525,0.3387,-0.1034,0.5027,0.174,0.1523,0.2281,0.234,0.2293,0.2838,0.3134,0.3913,0.1945,0.2683,-0.1239
1974-11,0.0037,-0.2169,0.3846,-0.01,-0.0093,-0.0322,-0.0179,-0.0759,-0.1344,-0.0294,0.0379,0.0114,-0.0461,-0.1731,-0.1919
1974-12,0.1647,-0.0609,-0.25,-0.0253,0.0396,-0.0372,-0.1318,0.1509,-0.0185,-0.0286,-0.0259,0.0233,-0.0151,-0.1163,-0.05
1975-01,0.0486,0.45,0.1852,0.0589,0.1955,-0.0386,0.3047,0.0164,0.2571,-0.046,-0.0433,-0.1369,0.1273,0.3158,0.5789
1975-02,0.1623,0.1034,0.2187,0.1084,-0.0494,0.2122,-0.0461,0.0419,0.0488,0.1642,0.1811,0.207,0.0328,0.28,-0.0583
1975-03,0.0057,-0.0413,0.1282,0.0178,-0.008,-0.0346,0.0095,0.0703,0.1388,-0.0681,0.0147,-0.0528,0.0146,0.0781,0.4181
1975-04,0.2102,0.0769,0.4091,-0.0334,-0.0384,-0.0028,0.0139,-0.0146,0.0142,-0.0018,0.0347,-0.0039,0,0.1594,-0.1438
1975-05,0.1009,0.0408,-0.0323,0.1864,0.0466,0.0533,-0.0206,0.0326,0.1201,0.0861,0.0558,0.0721,0.0184,0.05,0.2263
1975-06,0.1325,0.0298,0.2167,-0.0153,0.0688,0.0237,0.1711,0.1884,0.0162,0.0347,0.0314,-0.0219,0.0116,0.3095,0.1621
1975-07,0.0566,-0.125,-0.1096,-0.1153,-0.0058,-0.086,-0.0396,-0.1159,-0.12,-0.1324,-0.1162,-0.1903,-0.0828,-0.1,0.0051
1975-08,-0.0839,-0.0215,0.0615,-0.0442,-0.0308,-0.0301,-0.1556,0.0855,-0.0345,-0.0493,-0.0602,0,-0.0559,-0.1313,-0.0408
1975-09,0.0547,-0.125,-0.058,-0.0278,-0.0714,-0.0827,-0.0874,-0.0256,-0.0737,-0.2097,-0.0302,-0.0759,-0.0178,0.1977,0.0438
1975-10,0.1444,-0.1429,0.1846,0.1072,0.1602,0.1329,-0.0506,0.0921,0.1484,0.0983,0.0991,0.1608,0.0753,0.0388,0.1531
1975-11,-0.0566,0.0303,-0.1558,-0.026,-0.0223,0.0553,0.0933,0.1193,0.084,0.0362,0.0551,-0.0306,0.0479,0.0841,0.0619
1975-12,0.0619,0.1624,0.0462,0.0222,0.019,-0.0477,0.0072,-0.0652,-0.06,-0.102,-0.119,-0.0045,-0.043,0.0086,-0.1237
1976-01,-0.0291,0.1154,0.25,-0.0238,0.0549,0.071,0.1818,0.0988,0.1277,0.1087,0.0469,0.0769,0.0393,0.0442,0.0381
1976-02,-0.038,0.069,0.1647,0.0269,-0.025,-0.11,-0.021,-0.0857,-0.0889,-0.0928,-0.069,-0.0966,-0.0774,0.0508,0.1101
1976-03,-0.0625,0.0649,-0.0204,-0.0349,-0.0037,0.0528,0.0991,-0.0526,0.0478,0.0556,0.1089,0.1194,0.0663,0.0161,0.084
1976-04,0.0278,-0.051,-0.0313,-0.061,-0.0599,-0.0279,-0.0464,0.0741,-0.0612,-0.0709,-0.0319,-0.0879,-0.0133,0.0317,-0.1221
1976-05,0.0832,-0.1501,0.0761,-0.068,0.004,-0.0072,0.0347,-0.0057,-0.0152,-0.0236,-0.0295,0.0229,-0.0042,0,-0.0435
1976-06,0.11,0.0897,0.0288,0.1146,-0.0197,-0.0275,0.1133,0.1988,0.0435,0.0736,0.0336,0.0569,0.0736,0.0308,0.0015
1976-07,-0.1081,-0.0235,-0.0206,0.0316,0.1194,0.0253,0.0153,-0.0195,0.0312,-0.0047,-0.0278,-0.0214,0.0177,0.0149,-0.1273
1976-08,-0.1343,-0.0116,-0.0474,0.0137,-0.0326,0.0363,-0.003,0.0199,-0.0043,0.0442,0.0479,-0.0054,-0.0091,-0.0735,0.2292
1976-09,-0.0702,0.037,0.0449,-0.018,0.0075,0.0169,-0.031,0.0591,0.0019,0.0137,0.0736,0.0708,0.0158,-0.127,0.0522
1976-10,0.044,-0.0357,-0.0161,-0.0149,0.0287,-0.0525,-0.0223,0.014,-0.0422,-0.0113,-0.0383,-0.0165,-0.0111,-0.0364,-0.0806
1976-11,-0.0036,0.0128,0.0333,0.0047,0.0438,-0.0875,-0.0293,-0.0174,-0.0299,-0.1721,-0.1459,-0.1103,-0.0145,0.0189,0.0789
1976-12,0.0242,0.1975,0.086,0.028,0.1014,0,0.1703,0.0425,-0.0016,0.0583,0.0645,0.119,0,-0.037,0.0098
1977-01,-0.1183,-0.0619,0.1238,-0.1238,-0.0477,-0.1314,0.0029,-0.0633,-0.0538,-0.0971,-0.1505,-0.0809,-0.0732,0.06,-0.1048
1977-02,-0.0309,-0.0325,0,0.0628,0.037,-0.0133,-0.0494,-0.0522,0.0251,-0.0237,-0.0302,0.0231,-0.0435,-0.0566,-0.018
1977-03,-0.0556,0.092,-0.0268,-0.0197,-0.0292,0.0075,0.0054,-0.0155,0.0133,0.018,-0.0111,0.0268,-0.041,0.14,0.0202
1977-04,0.0662,0,0.0275,-0.0062,0.0266,-0.0578,0.0588,0.0995,-0.0374,-0.1032,-0.0703,-0.08,-0.0108,-0.0526,-0.1351
1977-05,-0.0179,-0.0101,0.058,-0.0051,-0.0132,0.0352,0.0409,-0.0752,-0.0287,-0.0301,-0.0049,-0.0197,-0.0435,-0.0185,0.1042
1977-06,-0.007,-0.0538,0.1453,0.0154,0.0233,0.0865,0.0506,0.099,0.0472,0.0719,0.1012,0.0348,0.0809,0.2075,0.0977
1977-07,0.0922,0.0455,-0.0075,0.0505,0.0064,-0.0265,-0.0109,-0.0948,0.0503,-0.0927,-0.0426,0.0048,0.0034,0.0469,0.0086
1977-08,0.039,-0.0757,-0.015,-0.034,-0.0458,0.056,-0.0522,0.0325,0.016,0.0804,0.1077,0.0144,0.0815,-0.0149,0.0598
1977-09,0.0789,0.0357,0.0155,-0.0201,-0.0068,0.0173,0.0232,-0.0154,0.0065,-0.1118,-0.0043,0.0185,-0.013,-0.0455,0.0997
1977-10,-0.0488,-0.0345,-0.0229,-0.0974,0.024,-0.0017,-0.0865,-0.099,-0.0568,0.063,-0.0769,-0.0701,-0.0188,0.0635,-0.0074
1977-11,0.0282,0.0481,0.0781,0.0862,-0.0238,0.0133,0.1262,0.089,0.0237,0.0622,0.0495,0.1164,0.0302,0.0373,0.099
1977-12,-0.1,0.046,0.125,-0.0847,-0.0592,0.0372,-0.0308,0.0484,-0.0165,0.0033,-0.0133,-0.0045,0.0059,0.0725,0.0946
1978-01,-0.125,0.033,-0.0131,-0.0694,-0.0437,-0.0912,-0.0824,-0.0872,-0.0403,0.0594,-0.0113,-0.0091,-0.0739,-0.027,-0.0617
1978-02,-0.1,0.0013,0.0067,-0.0126,0.0314,-0.0333,-0.0353,0.0247,0.0035,-0.0118,-0.041,-0.0361,-0.0269,0.0625,0.0197
1978-03,-0.0442,-0.0215,0.1,0.0318,-0.0152,0.0149,0.0399,-0.0056,0.0679,0.035,-0.0679,0.0676,-0.0342,0.3421,-0.0294
1978-04,0.1204,0.1429,0.0545,0.037,0.0394,0.125,0.1205,-0.0391,0.1155,0.1169,0.1491,0.086,0.1501,0.049,0.24
1978-05,0.1107,0.0396,0.1356,0.0361,0.0301,0.0105,-0.0436,0.0372,0.0089,0.0006,0.0501,0.0975,0.0133,0.1262,0.0323
1978-06,0.0299,-0.028,0,-0.0291,-0.0219,0.0585,-0.0334,0.0455,-0.0103,0.0278,-0.0472,0.0268,0.0044,0,-0.0238
1978-07,0.0072,0.1058,-0.0021,0.018,0.053,0.043,0.0513,0.0054,0.021,0.1189,0.0878,0.0634,0.0596,0.1833,0.0481
1978-08,-0.0151,0.0626,0.0052,-0.0179,0.0645,0.0006,-0.0183,-0.0519,0.0557,-0.0406,0.0133,-0.0021,-0.036,0.1866,0.1122
1978-09,0.0462,0,-0.0155,-0.0121,-0.0606,-0.0163,0.0559,0.0116,-0.0126,-0.0152,-0.0123,0.0035,-0.0014,0.0833,0.0204
1978-10,-0.1912,-0.2149,-0.1863,-0.1472,0.0043,-0.1158,-0.0719,-0.1029,-0.071,-0.1057,-0.0625,-0.0919,-0.0431,-0.011,-0.1802
1978-11,-0.0509,0.0653,0.1053,0.0073,-0.0505,0.0585,-0.0452,-0.0675,0.0198,0.0161,0.0622,0.0171,0.0394,0.0924,0.011
1978-12,0.0769,-0.04,0.0417,-0.0362,0.0342,-0.0469,0.0315,0.0208,0.0636,0.0974,0.1397,0.0193,0.0364,-0.0816,-0.0087
1979-01,0.1875,0.0625,0.2427,0.1591,0.0424,0.0288,0.0301,0.0272,-0.0028,0.0339,0.0055,-0.0455,-0.0408,0.2444,-0.0055
1979-02,-0.0195,-0.0667,-0.0841,-0.1053,-0.0464,-0.0939,-0.039,-0.0371,-0.0371,0.0167,-0.0404,-0.0437,-0.0385,-0.0507,0.0221
1979-03,0.0615,0.0213,0.102,-0.0221,0.0075,0.0055,0.0281,0.0909,-0.0091,0.0702,0.0188,0.0649,-0.0031,0.0943,0.0519
1979-04,0.0435,0.0625,-0.0117,0.114,0.0168,0.0146,0.0268,-0.0385,-0.0333,0.0187,0.0379,-0.0551,-0.0019,0,0.0464
1979-05,0.0583,-0.0471,-0.0571,-0.1096,0.0185,0.0072,0,0.0109,-0.0157,-0.017,-0.077,0.0027,0.0078,0.0028,0.0049
1979-06,0.2368,0.1458,-0.0303,-0.0231,-0.0182,0.0305,0.0729,0.0403,-0.013,0.0142,0.0757,0.0294,-0.0465,-0.069,-0.0069
1979-07,-0.0213,0.0636,0.0181,0.0564,-0.0277,0.0105,0.0652,0.0387,0.0261,0.0488,-0.0185,0.0163,-0.0247,-0.2963,0.0297
1979-08,0.172,0.0537,0.0469,0.0985,0.0232,0.0707,-0.0117,0.0412,0.0191,0.0093,0.0562,0.1391,0.0809,0.1095,0.3202
1979-09,-0.078,-0.0574,0.0597,-0.0966,-0.0075,-0.0389,-0.0551,-0.0303,-0.0721,0.0399,-0.0108,-0.0178,-0.0359,-0.1429,-0.0693
1979-10,-0.0476,-0.1826,-0.0752,-0.1133,-0.0817,-0.0809,-0.086,-0.1063,-0.0614,-0.0277,-0.0382,0,-0.0278,-0.0833,-0.0745
1979-11,0.2522,0.234,0.1008,0.0526,-0.021,0.1046,-0.0139,0.0744,-0.0076,0.0706,0.0945,0.169,-0.0034,0.3079,0.1864
1979-12,0.0978,-0.0493,-0.0282,-0.0417,0.03,0.0602,0.0577,0,0.026,-0.0124,0.0062,-0.0188,0.0034,0,-0.005
1980-01,0.1822,0.0275,0.1281,-0.0247,0.0533,-0.0489,0.0512,-0.053,0.0181,-0.046,-0.0519,-0.0446,-0.0172,0,0.0252
1980-02,-0.0329,-0.125,-0.0719,-0.0364,-0.1004,-0.0829,-0.0227,-0.0025,-0.0641,-0.061,-0.0664,-0.0167,-0.0121,0.027,-0.1018
1980-03,-0.1879,-0.0567,-0.1197,-0.1226,-0.0446,0.0346,-0.05,-0.0714,-0.0254,-0.0495,0.0651,0.0335,-0.0491,-0.2727,-0.1063
1980-04,0.1004,0.1868,0.0054,0.1092,0.0458,0.0687,0.0466,0.1231,0.0556,0,0.0056,0.0232,0.0679,0,0.1404
1980-05,0.077,0.0648,0.1301,0.1584,0.0318,0.0619,0.0719,0.0934,0.015,0.0104,0.0534,0.074,0.0892,0.3488,0.0538
1980-06,-0.0111,0.0386,0.1655,-0.0427,0.0485,-0.0188,0.0446,0.0318,-0.0062,-0.0273,-0.0024,0.003,-0.053,-0.0698,0.1234
1980-07,-0.0336,0.0508,0.2264,0.0818,0.0286,0.0318,0.0469,0.0062,0.1212,0.1097,0.0919,0.0394,0.1044,0.3,0.1433
1980-08,0.0672,-0.0113,0.0408,0.0336,0.0124,-0.013,-0.0209,-0.0083,-0.0405,-0.0193,-0.012,-0.0408,-0.0248,0.2146,0.102
1980-09,0.0362,-0.124,0.3529,0.0325,-0.0246,0.0205,-0.0123,-0.0252,-0.0763,-0.0261,0.0528,0.1212,-0.0892,0.0317,0.0363
1980-10,0.0881,-0.0094,-0.0435,-0.069,0.1168,0.0463,0.0379,-0.0323,-0.0504,0,-0.0627,-0.0328,-0.0409,-0.0615,0.01
1980-11,0.0811,0,0.0575,-0.0517,-0.1145,0.0776,-0.0426,-0.008,0.0095,0.1791,0.0635,0.1268,0.0407,0.0026,0.1139
1980-12,-0.0719,0.0438,0.3188,0.0636,0.069,0.0992,0.1046,0.1096,0.0988,0.0625,0.0742,0.0808,-0.0213,0.0574,0.0773
1981-01,-0.1583,0,-0.1071,0.0191,0.0734,-0.0401,0.0762,0.0802,0.0075,-0.0412,-0.0236,-0.0561,-0.0134,0.0233,-0.0083
1981-02,-0.0024,0.1019,-0.0745,0.0769,-0.0611,0.0817,0.1008,0.0217,0.0669,0.0687,0.0091,-0.002,0.0653,-0.0152,0.0542
1981-03,-0.0301,0.1227,0.0268,0.0159,0.0366,0.0073,0.071,0.0909,0.044,-0.0058,0.0213,0.085,-0.0123,-0.0898,0.1562
1981-04,-0.0124,-0.0152,0.049,0.1269,0.0047,0.0277,0.0259,-0.1146,-0.061,0.0039,0.0753,0.0046,0.0312,0.0339,0.0582
1981-05,-0.0234,-0.0615,-0.0252,-0.0211,-0.0794,0.0824,0.055,0.0165,0.0794,0.0089,0.1044,-0.0294,-0.0174,0.1174,0.0032
1981-06,-0.071,0.0869,-0.0581,-0.0216,-0.0086,-0.085,0.021,0.0235,-0.0547,-0.0561,-0.0731,-0.0857,0.0745,-0.0735,-0.0177
1981-07,0.0556,-0.1145,0.0103,-0.0718,0.0096,-0.0393,-0.0736,-0.0805,-0.0216,-0.1004,-0.0027,-0.0208,-0.0287,-0.0317,-0.0263
1981-08,-0.0725,-0.0552,-0.0068,-0.0806,-0.0658,-0.105,-0.035,-0.02,-0.0368,-0.0351,-0.0824,-0.0261,-0.0448,0.0026,-0.0354
1981-09,-0.1269,0,0.0069,0.0702,0,0.1046,-0.025,-0.0519,0.0482,-0.0859,0.0104,-0.0441,0.0631,-0.2459,0.0596
1981-10,0.0793,0.0648,0.0529,0.0197,0.0291,0.1023,0.1316,0.2397,0.0926,0.1018,-0.0589,0.049,0.0753,0.0435,0.053
1981-11,0.0873,0.0762,-0.0592,0.0246,0.0372,0.0438,-0.0045,0.0331,-0.0182,0.0265,0.072,0.1489,0.0256,0.1075,0.1038
1981-12,0.1241,-0.0246,-0.028,0.072,0.0269,-0.0166,-0.003,-0.0217,-0.0246,0.0467,-0.002,0.0265,0.0016,-0.0189,-0.0299
1982-01,-0.0455,0.0084,0.0555,0.0328,0.2192,0.0202,-0.0803,0.0278,-0.0612,0.0201,-0.0015,0.0509,0.0737,-0.0577,-0.0029
1982-02,-0.1273,-0.025,0.1448,0.0441,-0.0436,-0.0173,0.1022,-0.0108,-0.0728,0.0158,-0.0709,0.0023,-0.0235,0.1633,-0.0206
1982-03,-0.0078,-0.0448,0.1084,0.0282,0.0418,0,-0.0664,-0.0167,0.1031,-0.0087,-0.0738,-0.0764,-0.006,0.1782,0.1046
1982-04,0.0236,0.0273,-0.007,0.0233,0.081,0.0811,0.021,0.1751,0.042,0.1033,0.0607,0.0876,0.0474,0.0448,0.1366
1982-05,-0.0978,-0.0464,-0.0442,-0.0476,-0.0479,-0.0125,-0.0691,-0.0288,-0.0441,-0.0295,-0.0523,-0.0343,-0.0204,0.0737,-0.0601
1982-06,-0.0769,-0.0377,0.0289,-0.0357,0.0935,0.0064,-0.0166,0.0452,0.0547,-0.0498,-0.0593,0.0327,-0.0104,-0.0267,0.0837
1982-07,-0.0185,-0.0588,-0.0634,0.0178,-0.0816,0.0032,-0.0992,-0.0288,0.0852,-0.0437,0.0352,0.0174,0.0383,-0.0685,0.0307
1982-08,0.1715,0.1225,-0.0545,0.0963,0.0727,0.142,0.1462,0.104,0.0751,-0.0338,0.0995,0.1256,0.1175,-0.0418,0.153
1982-09,0.1356,0.1132,0.1923,0.0338,0.0136,-0.0417,0.1605,-0.0318,0.0507,-0.0096,0.0263,0.1076,0.0302,0.1077,0.1315
1982-10,0.0319,0.322,0.086,0.068,0.1244,0.0174,0.1315,0.0141,0.0736,0.128,0.0304,0.0252,0.0936,0.2917,0.1056
1982-11,0.1232,-0.0385,0.085,0.0311,0,0.0655,0.0306,0.0287,0.1456,0.0347,0.0366,0.0345,0.1201,-0.009,0.207
1982-12,0.1097,0.0135,0.0323,-0.0542,0.1657,0.0672,-0.0215,-0.0274,0.0505,-0.0377,0.0227,-0.0597,-0.0053,0.0217,0.0537
1983-01,0.0133,0.04,0.1652,0.0217,-0.0196,-0.0252,0.0741,-0.0329,-0.0337,0.0913,0.0133,0.003,-0.0385,0.117,-0.0576
1983-02,0.023,0.1282,-0.112,0.019,-0.048,-0.0155,0.0259,0.0786,-0.01,-0.0175,-0.0152,0.0219,0.0156,0.2872,0.0479
1983-03,-0.0618,0.0805,0.0261,0.1242,0.0448,0,0.0966,-0.032,0.0888,0.0041,0.0134,0.0821,0.0635,-0.1185,0.1765
1983-04,0.0958,0.1064,-0.0424,0.1081,-0.0231,0.058,0.1429,0.0189,0.0397,0.0531,0.1134,0.0858,-0.0004,-0.0924,0.0648
1983-05,0.1217,0.0192,-0.0714,-0.0657,0.0833,-0.0768,-0.0455,-0.0222,-0.0674,0.0333,-0.0825,-0.0583,-0.104,-0.1096,0.1663
1983-06,-0.0146,0,0.149,0,0.0462,0.0707,-0.0798,-0.0144,-0.0256,-0.0341,0.0799,0.1398,0.0232,0.0417,0.0897
1983-07,-0.1386,-0.0095,-0.0879,-0.0564,-0.0137,-0.1066,0.0026,0.0878,-0.0727,-0.0451,0.0094,-0.1089,-0.0503,-0.02,0.0479
1983-08,0.0275,0.0433,0.0417,0,0.0804,-0.0591,-0.0105,-0.0036,0.1135,0.0099,0.0355,-0.0129,0.0338,-0.1208,-0.0388
1983-09,0.0471,-0.0326,0.1644,0.093,0.0093,0.0973,-0.1048,0.0868,0.0009,0.0226,0.0013,0.0392,0.0397,0.1395,0.0381
1983-10,0.0634,-0.0817,-0.0409,0.003,0.0724,-0.0277,-0.0181,0.0084,0.0246,0.0845,-0.0078,-0.0283,0.0085,0.102,-0.0398
1983-11,-0.0741,0.0693,0.1165,0.0161,0.0239,-0.0279,0.1538,0.064,0.0728,-0.0727,0.0287,-0.0346,0.0676,0.2237,0.0732
1983-12,-0.0857,0.0842,-0.0144,-0.0899,0.0339,-0.0354,-0.0441,0.0278,-0.0317,-0.0628,-0.0754,-0.0338,-0.0401,0,-0.0734
1984-01,0.1393,0.0137,0.0521,0.0091,0.0422,-0.0612,0.1477,-0.0039,-0.0514,0.0799,-0.0221,-0.0013,-0.1015,-0.0455,-0.0897
1984-02,-0.1264,-0.0766,-0.0664,0.0877,-0.0615,-0.058,-0.0446,-0.1343,0.0222,0.0316,0.0651,0.0565,-0.0668,-0.0305,-0.0951
1984-03,-0.0314,-0.0037,-0.0824,-0.0269,0.0275,-0.0244,-0.0412,0.0955,0.0711,-0.0196,0.008,-0.0903,0.0239,0.1475,0.0367
1984-04,-0.0696,-0.0099,0.0746,0.1246,0.0054,0.0679,0.0455,0.0166,0,0.004,-0.0226,-0.011,-0.0057,0.0643,0.0677
1984-05,-0.1049,-0.0588,0.0651,-0.1294,-0.0702,-0.1726,-0.2372,0.0015,0.0023,-0.0641,-0.0639,-0.0422,0.0396,-0.0459,0.0458
1984-06,0.1016,0.0323,0.0935,0.0514,0.1111,-0.0204,0.0193,0.0372,0.0603,0.0453,0.0835,0.0275,0.0635,0.0282,0.1125
1984-07,-0.0851,0.0365,-0.0583,-0.0676,-0.0248,-0.025,0.1042,-0.0199,0.0325,-0.0948,-0.1014,-0.0052,0.0172,-0.0411,-0.0121
1984-08,0.2068,0.167,0.0634,0.1124,0.0311,0.1641,0.0377,0.1153,0.0399,0.0702,0.018,0.1124,0.0641,0.0011,0.0841
1984-09,-0.0473,0.0348,0.0397,0.0053,0.0924,-0.037,0.1305,0.0406,0.0233,-0.0259,-0.0149,-0.0209,-0.0022,0.0857,-0.0283
1984-10,-0.0477,0.1134,0.0211,0.0083,0.0342,0,-0.0164,0.0319,0.0379,0.073,0.0499,0.0819,0.0497,0.0526,-0.0175
1984-11,0.0896,-0.0491,-0.0472,0.0426,-0.0251,0.1015,0.0708,0.0946,-0.0375,0.0586,0.0231,0.035,-0.0043,0.2135,-0.0534
1984-12,0.0479,0.1494,0.0842,0.0153,0.0221,0.0176,0.0923,0.0159,0.0081,0.0414,0.0682,0.0833,-0.013,0.4845,-0.0488
1985-01,0.1046,0.0453,0.0947,0.0028,-0.0989,0.0796,0.087,0.1031,-0.0381,0.0814,0.0213,-0.0563,-0.0018,0.0208,0.2013
1985-02,-0.0693,-0.0379,0.0042,-0.0355,0.0847,0.0173,0.05,0.0921,0.0583,0.0935,0.0487,0.019,0.0111,0.157,0
1985-03,0.0764,0.028,-0.0042,0.0474,0.0725,0.0667,-0.0319,0.0419,0.114,0.0065,0.0501,0.0652,-0.0242,-0.0118,-0.0177
1985-04,-0.0338,0.0816,0.0661,0.0229,-0.0901,0.0446,0.01,-0.0402,-0.0214,-0.0161,-0.0298,0.0379,-0.0491,0.2054,0.0504
1985-05,0.1043,0.044,0.123,0.01,0.175,0.0786,0.0924,0.2291,-0.0091,0.1281,0.0676,0.1319,0.0336,-0.0116,0.1173
1985-06,0.0778,0.0561,0.0848,0.0493,0.0049,-0.0133,0.012,0.0021,0.033,0.0117,0.0442,-0.01,0.0441,0.075,0.0443
1985-07,-0.0913,-0.0517,-0.053,0.059,-0.0212,-0.0054,-0.0091,-0.0814,0.0414,-0.0188,0.0022,-0.0178,0.0293,0.1047,-0.0938
1985-08,0.0023,-0.0768,0.0554,-0.0583,0.0034,0.0206,-0.0214,0.1158,-0.0087,0.03,0.0182,-0.0026,0.0044,0.0217,0.0469
1985-09,-0.0179,-0.0695,-0.0525,0.019,0.0401,-0.0508,-0.147,0.0442,-0.0158,-0.0014,-0.0515,-0.0156,-0.0196,-0.1134,-0.0773
1985-10,0.0926,0.1139,0.045,0.1389,0.0627,0.0592,0.1604,0.0806,0.0269,0.0838,0.0762,-0.0343,0.1357,0.093,0.1099
1985-11,0.0889,0.0639,0.1133,-0.0124,0.3201,0.0681,0.0675,0.0535,0.1726,0.1152,0.1159,0.1748,0.0592,0.1496,0.1179
1985-12,0.0612,0.0962,0.018,0.1008,-0.0878,0.0551,0.1083,-0.0089,0.015,0.0747,0.0608,-0.0515,0.0391,0.0185,0.0771
1986-01,0.0625,-0.0442,0.1118,0.0104,-0.0414,0.0214,-0.0248,0.0576,-0.0074,-0.0224,0.0046,-0.0363,-0.0462,0.2182,0.0078
1986-02,0.0148,0.1908,0.0585,0.0687,0.1064,-0.0684,0.0847,0.0578,0.1475,0.1092,0.101,0.1447,0.0474,0.1572,0.0584
1986-03,0.0625,-0.0315,0.0528,0.0643,0.0769,0.1533,0.1516,0.1068,0.1016,0.2417,0.1568,0.0858,0.067,0.0516,0.1594
1986-04,-0.1081,0.0808,0.0334,0.0158,-0.0187,0.1481,-0.0252,-0.0175,0.0594,-0.0956,-0.0043,-0.0146,0.0075,0.2147,0.0286
1986-05,0.0708,0.0374,0.0209,0.06,0.0618,0.0433,0.0023,0.1518,0.0404,0.131,0.1124,0.0681,0.0595,0.0206,0.1821
1986-06,-0.0352,-0.0202,0.0682,0.0692,0.1185,0.0622,-0.0276,0.1948,0.0886,0.0677,0.0876,0.1372,0.0289,0.4257,0.0844
1986-07,0.0082,-0.1181,-0.017,-0.0449,-0.018,-0.062,-0.1439,-0.0587,-0.0647,-0.0696,0.0191,-0.0607,-0.0259,-0.1736,-0.1036
1986-08,0.1929,0.0788,0.0739,-0.0093,0.0454,0.0895,0.1111,0.0254,-0.0319,0.0425,0.0857,0.0187,0.0339,-0.0669,0.0117
1986-09,-0.1497,-0.1127,-0.1336,-0.0815,-0.1717,-0.1337,-0.0969,-0.1606,-0.0987,-0.1619,-0.1434,-0.1471,-0.1531,-0.1351,-0.1064
1986-10,0.1211,-0.0221,0.1036,0.0639,0.1472,0.0898,0.0115,0.1051,0.0812,0.1472,0.1028,0.0302,0.117,0.0885,0.0685
1986-11,0.0692,-0.0169,0.0213,0.1456,-0.0359,-0.0129,0.0142,0.0321,0.0037,0.0077,0.0173,0.0278,0.0367,-0.0953,0.0613
1986-12,-0.1353,-0.0018,-0.0458,-0.0763,-0.0559,-0.042,-0.036,-0.0166,0.0342,-0.0116,0.126,0,-0.0177,0.1534,-0.0227
1987-01,-0.0068,0.1163,0.0531,0.1368,0.0392,0.1524,0.1095,0.157,0.1291,0.165,0.11,0.118,0.161,0.0275,0.043
1987-02,0.0425,0.0365,-0.0083,0.0027,0.0658,0.1451,-0.008,0.0129,0.0528,0.0968,0.1218,0.0756,-0.0142,0.072,0.1289
1987-03,0.0329,0.0235,0.0672,0.0027,0.1016,0.0261,-0.0445,-0.0228,0.0257,-0.0305,0.006,-0.0069,0.0605,0.125,0.0513
1987-04,0,-0.0644,-0.145,-0.0547,-0.04,-0.0155,-0.0286,-0.0212,-0.0683,-0.0055,-0.0461,-0.0259,-0.0715,-0.0111,-0.0152
1987-05,0.0713,-0.0053,-0.0093,0.0259,-0.0473,-0.0081,-0.0118,0.0535,0.0059,-0.0275,0.0737,-0.0699,0.0796,-0.067,0.0331
1987-06,0.1667,0.11,0.1822,0.0532,0.0693,0.0683,0.0162,0.0806,0.0444,0.0668,0.08,0.1056,0.071,-0.0964,0.157
1987-07,0.0459,-0.0386,-0.0468,0.0844,-0.0037,0.0367,-0.0536,-0.0325,0.0702,0.0226,0.11,0.0323,-0.0429,-0.0133,0.1017
1987-08,0.0612,0.1039,0.1792,-0.0148,-0.0038,0.0517,0.0157,0.0251,0.063,0.0286,0.0841,-0.0423,0.1047,0.1086,0.0881
1987-09,0.0242,-0.1055,0.0424,0.0276,-0.0172,-0.0426,-0.0389,-0.0426,-0.0389,-0.0204,0.0122,-0.0212,-0.0182,0.0488,-0.0648
1987-10,-0.2736,-0.2462,-0.2599,-0.1855,-0.1638,-0.1623,-0.2918,-0.0668,-0.1473,-0.2,-0.1227,-0.2401,-0.1196,-0.2093,-0.2706
1987-11,-0.0312,-0.0215,-0.1705,-0.0937,-0.0438,-0.0823,-0.0463,-0.1026,-0.0962,-0.1234,-0.0634,-0.115,-0.0779,-0.1391,-0.1312
1987-12,0.1409,-0.0282,0.1278,0.0467,0.0828,0.0257,-0.1435,0.0195,0.0304,0.1642,-0.0629,0.0108,0.0492,-0.1197,0.0846
1988-01,-0.0706,0.2101,0.0509,0.1018,-0.0135,0.0467,0.0058,0.0095,0.0059,-0.0192,-0.0489,0.1716,0.0023,-0.0485,0.0529
1988-02,0.0519,0.0769,-0.0189,0.0321,0.0773,0.0676,0.1628,-0.0188,-0.0066,0.0353,0.1034,0.0046,-0.0074,0.0416,0.0731
1988-03,-0.0361,-0.1124,-0.0048,-0.0311,-0.0689,-0.0465,-0.1178,0.0121,0.0314,0.0684,-0.0506,0.0138,-0.0757,0.0098,-0.0412
1988-04,0.125,0.0443,0.0403,0.0349,-0.032,-0.0457,0.152,-0.0072,0,-0.0476,0.0024,-0.0023,-0.0006,0.165,-0.0133
1988-05,-0.0378,0.0657,0.0841,-0.0057,0,0.033,0.1726,0.046,-0.0065,0.0056,0.0175,-0.0432,-0.0097,0.1507,0.018
1988-06,-0.0636,0.1149,0.0431,0,-0.0345,0.0209,0.0842,0.0163,0.0342,0.0485,0.0599,-0.0096,0.0147,0.1014,0.0855
1988-07,0.0123,-0.0361,0.0413,0.0113,0.0394,0.0079,0.0245,0.0137,-0.016,0,-0.0067,0.0048,-0.0216,-0.0197,0.0735
1988-08,-0.0512,0.1542,-0.0225,-0.0313,0.0237,0.0188,0.0199,0.043,0.0423,0.0024,-0.0113,-0.0122,-0.0067,-0.0867,-0.0862
1988-09,0.0541,0.0514,-0.0041,0.0559,0.1143,0.0602,0.0213,0.0632,0.1013,0.0555,0.0524,0.0714,0.072,-0.0074,0.075
1988-10,0.091,0.0133,0.0473,0.0355,0.0962,0.0131,-0.0039,0.0287,-0.0143,0.0185,-0.0087,0.0506,0.0416,-0.0074,-0.0271
1988-11,-0.0588,-0.0482,-0.1102,-0.0462,-0.0344,-0.0057,0.0471,-0.0139,0.0128,-0.0103,-0.0066,0.0022,-0.0091,-0.074,-0.0359
1988-12,0.0438,0.014,0.0265,0.0712,0.0033,-0.0102,-0.0508,0.0447,0.0288,-0.0298,0.0221,0.022,0.0626,0.1129,0.0385
1989-01,0.1269,0.1009,0.1101,0.0026,0.0198,0.0764,0.0484,0.0292,0.0476,0.098,0.1299,0.003,0.0681,-0.0797,0.0757
1989-02,-0.0319,0.1125,-0.0664,-0.0481,0.0039,-0.0546,-0.0385,-0.0861,0.0214,0.0032,-0.0211,-0.0434,-0.038,-0.0151,-0.0556
1989-03,0.044,0.0717,0.0879,0.0758,0.031,0.0537,0.1778,0.0604,0.0804,0.1003,0.0201,0.0431,0.0437,-0.04,0.0213
1989-04,0.1263,0.0246,0.0615,0.0443,0.2701,0.0592,-0.0035,0.0275,0.0585,0.0498,0.0541,0.0761,0.0424,0.1333,0.1077
1989-05,0.0664,0.2955,-0.0234,0.0202,0.0536,0.0333,-0.0174,0.0639,0.0645,0.0317,0.0225,-0.0053,0.0745,0.0668,0.0521
1989-06,0,-0.0347,0.0634,0.0198,0.1323,-0.0304,0.0334,0.0217,-0.0179,-0.0158,-0.036,-0.0594,0.0547,0.0345,0.0081
1989-07,0.1544,0.1823,0.0931,0.1379,0.1729,0.1149,0.0836,0.1292,0.2062,0.1697,0.1364,0.1425,0.1089,0.3333,0.1344
1989-08,-0.0139,-0.0201,-0.0161,0.0128,-0.1453,-0.0133,-0.0193,-0.0103,-0.0221,-0.0261,-0.0286,0.0654,0.0764,-0.0146,-0.0219
1989-09,0.0243,0.0072,0.0393,0.019,-0.035,0.0453,0.09,-0.0621,0.0126,0.0101,0.0324,-0.009,-0.0661,0.0406,-0.0296
1989-10,-0.0514,-0.1,0.0183,0.0303,-0.0885,0.0114,-0.1774,-0.0526,0.0802,-0.004,0.0281,-0.0146,0.0835,-0.1268,0.0122
1989-11,0.0721,-0.0016,-0.0156,0.002,0.1429,0.0256,-0.0558,0.0241,0.0721,0.0839,0.0128,0.1043,0.0029,0.1178,0.0512
1989-12,0.0798,-0.0133,0.0823,0.0283,0.1725,0.0509,-0.0376,-0.0475,0,0.0224,-0.0117,-0.0624,0.0849,-0.005,0.0299
1990-01,-0.1341,-0.0919,-0.1439,-0.1366,-0.1834,-0.1179,-0.1381,-0.0444,-0.1084,-0.0785,-0.0677,-0.0144,-0.0826,-0.0151,-0.0501
1990-02,0.05,0.0679,0.0876,0.0437,-0.0052,0.0294,-0.0049,-0.0487,0.0236,-0.0371,-0.0536,-0.1299,-0.002,0.128,0.0323
1990-03,0.0833,-0.1292,0.0664,0.0485,0.0844,0.0466,-0.0613,0.002,0.066,0.0704,0.023,0.0275,0.0607,0.0271,0.0755
1990-04,0.0341,-0.0194,-0.0036,-0.045,-0.0073,0.0089,0,0.0041,0.0201,0.0232,0.054,-0.0639,0.0491,0.0396,0.0503
1990-05,0.1277,0.0289,0.1211,0.1463,0.0616,0.134,0.1711,0.071,0.1836,0.1896,0.1358,0.1714,0.1699,0.1486,0.136
1990-06,-0.033,-0.0323,0.132,0.058,0.0626,0.0607,-0.0437,0.0057,-0.0122,0.0623,0.0483,-0.0266,0.0545,-0.0886,0.1077
1990-07,-0.0185,-0.0433,-0.0205,0.0303,-0.0633,0.0424,-0.098,0.0476,0.0225,0.0015,0.0274,0.1813,0.0009,-0.0445,0.006
1990-08,-0.0388,-0.0808,-0.0399,-0.0643,-0.0539,-0.066,-0.0598,-0.0767,-0.0689,-0.0927,-0.0779,-0.0548,-0.1124,-0.0336,-0.0905
1990-09,0.0217,-0.3448,0.0038,-0.0916,-0.0965,-0.0362,-0.2518,-0.002,-0.0604,-0.0483,-0.0674,-0.0053,-0.0536,-0.0877,-0.0439
1990-10,-0.0532,-0.193,-0.0075,0.1315,0.0904,0.0178,-0.3468,0.0895,0.1361,-0.0577,0.0099,0.0301,0.0858,0.0385,-0.0183
1990-11,0.0404,0.3913,0.062,0.0561,0.1515,0.0888,0.1235,0.0618,0.0351,0.1007,0.122,0.1182,0.0541,0.1161,0.1262
1990-12,-0.0162,-0.0315,0.0609,0.0442,0.0263,0.0287,-0.033,0.0502,0.0054,-0.0068,0.0485,0,0.0452,0.029,0.0053
1991-01,-0.1033,0.2295,0.0553,-0.0447,0.0413,0.0662,0.2209,0.028,0.0484,0.0648,0.0181,0.113,-0.0794,0.0766,0.0909
1991-02,0.092,0.04,0.0772,0.0536,0.1732,0.078,0.2571,0.0757,0.0744,0.0192,0.1161,0.1756,0.0252,0.1389,0.072
1991-03,-0.0112,0.1964,0.0746,0.0356,0.1054,0.1674,0.0682,0.1199,0.0404,-0.0095,0.0385,0.019,0.0477,0.0263,0.0966
1991-04,0.0398,0.065,-0.0267,0.0479,0.0498,-0.0143,0.1799,-0.0254,-0.0277,-0.0192,0.0213,0.0187,-0.0088,0.109,0.0452
1991-05,-0.0153,0.1424,0.0487,0.0377,-0.0547,-0.0368,0.0427,0.0869,0.0853,0.0423,0.1032,0.0863,0.0149,0.0294,0.0586
1991-06,0.05,-0.1426,-0.0874,-0.1091,-0.0498,-0.0786,0.0117,0,-0.0438,-0.0959,-0.0184,-0.0573,-0.091,-0.073,-0.0019
1991-07,0.0582,-0.028,0.0778,0.099,0.0835,0.0973,0.1988,0.0661,0.1032,0.0626,0.1087,0.1149,0.0501,-0.103,0.114
1991-08,0.0825,0.1222,0.0705,0.0249,0.0549,0.018,0.0341,0.0384,0.0936,0.1064,-0.0097,0.0639,0.0341,0.0411,0.0639
1991-09,-0.0049,-0.0777,-0.0365,0.0486,-0.107,-0.0485,-0.033,0,-0.0154,-0.0506,0.0256,-0.0057,0.0165,0.013,-0.0568
1991-10,0.0683,0.0491,-0.0811,-0.0257,0.0338,0.0764,-0.0246,-0.0634,0.0329,-0.0361,0.0548,0.0998,-0.0088,0.0385,-0.0314
1991-11,0.0009,-0.0803,0.0695,0.012,0.0032,0.0173,-0.1465,0.0597,0.0449,-0.0374,0.0665,-0.0687,-0.0314,-0.0736,0.0568
1991-12,0.21,0.1926,0.1768,0.1568,0.095,0.1881,0.0201,0.222,0.1568,0.1361,0.1418,0.2655,0.159,0.0733,0.2055
1992-01,-0.1019,0.08,-0.0596,-0.0304,-0.1076,-0.0611,0.3176,-0.1319,-0.0343,-0.0554,-0.0563,-0.131,0.1105,-0.0994,-0.0849
1992-02,-0.0118,0.0826,-0.1617,0,-0.0066,-0.0544,0.2009,0.0093,0.0548,-0.0437,0.0032,0.0256,-0.0205,0.0143,0.0023
1992-03,-0.1021,-0.0343,-0.0045,0.0477,-0.04,-0.037,-0.0171,0.011,0.0034,-0.0518,-0.0622,-0.0671,0.0062,-0.0816,-0.0129
1992-04,-0.0806,0.0495,-0.0717,0.018,-0.0328,-0.0269,0.0725,-0.0174,0.0153,-0.0317,-0.0144,0.0288,0.0152,-0.0667,-0.0188
1992-05,0.0629,-0.0262,0.0098,0.06,-0.0072,0.0259,0.0391,0.0381,0.0602,-0.032,0.0422,0.0489,-0.0048,0.1832,0.0144
1992-06,-0.0825,0.0322,0.0097,-0.0236,0.0509,-0.0761,0.0253,0.1346,-0.0877,-0.0133,-0.0277,-0.0218,-0.1046,-0.0805,0.0152
1992-07,0.1534,-0.0341,0.0578,0.0205,0.0538,0.1006,-0.0606,-0.0264,0.0469,0.0845,0.0641,0.0736,0.1065,0.1679,0.0395
1992-08,-0.055,-0.0599,0.0545,0.0619,-0.0231,0.0072,-0.0681,0.0591,0.0269,-0.0701,-0.0578,-0.0096,-0.0741,-0.0058,0.0224
1992-09,0.0153,0.035,0.0603,0.0314,0.1047,-0.0456,0.0131,0.0477,-0.0549,-0.0384,-0.0848,-0.0324,0.0533,0.1258,0.0359
1992-10,0.0603,0.0423,-0.0285,0.0445,0.0201,0.061,0.0536,0.0508,0.0031,-0.016,-0.014,0.0117,0.0765,-0.067,0.0296
1992-11,0.0341,0.0978,0.0763,-0.0105,0.0482,0.0121,0.0909,-0.0891,-0.0181,0.0231,0.0285,0.038,0.026,0.1322,0.0575
1992-12,-0.0275,0.0199,0.0352,-0.0571,-0.0266,0.0025,0.038,-0.0147,0.0535,-0.028,-0.0332,-0.072,-0.0115,0.0265,-0.005
1993-01,-0.0094,0.0462,-0.0519,0.0213,-0.0267,-0.1287,0.0518,-0.0728,0.0119,-0.07,-0.0692,-0.0897,-0.0671,-0.0258,0.0176
1993-02,0.0105,-0.0047,-0.108,0.1015,0.0335,-0.0289,-0.0031,0.0353,0,-0.0778,-0.0464,-0.1092,0.0452,0.048,-0.0019
1993-03,-0.0283,0.0285,-0.0135,0.0601,0.0472,0.0029,0.0051,-0.0547,0.0099,-0.0534,-0.0747,0.0664,-0.0409,-0.0606,-0.0221
1993-04,-0.0291,-0.0915,-0.1035,-0.0917,-0.1239,0.0235,-0.0526,-0.0455,-0.0762,0.0154,0.0459,0.0964,-0.0095,-0.043,-0.1575
1993-05,-0.044,-0.0423,0.0255,-0.0209,0.0324,0.0289,0.0033,-0.0594,0.054,0.0425,0.0338,0.0574,0,0.0847,0.0421
1993-06,-0.0105,0.0531,0.005,-0.0043,-0.0157,-0.07,0.0737,0.0162,0.0402,-0.0343,-0.0654,-0.0662,0.0585,-0.0881,-0.0571
1993-07,-0.0053,0.0151,-0.0495,-0.1118,-0.0796,-0.1205,0.0092,-0.1116,0.0058,-0.0533,-0.1373,-0.1119,-0.0565,-0.0625,-0.0333
1993-08,0.0287,0.0307,0.0169,0.0122,0.101,0.1236,-0.0152,0.0736,0.0029,0.0425,0.0408,0.0659,-0.0077,0.0611,0.0161
1993-09,-0.0272,0,0.0722,0.012,-0.0253,-0.0337,0.1158,-0.0481,-0.022,0.0417,-0.0265,-0.0556,-0.0181,-0.0229,-0.0437
1993-10,0.0279,-0.0947,0.0288,0.1232,0.0877,0.0698,-0.1083,0.154,0.0266,0.0825,0.0447,0.0462,0.1486,0.0819,0.0711
1993-11,-0.0315,0.0197,0.0067,0.0085,0.021,0.0418,-0.0405,0.0628,-0.0278,0.0712,0.0661,0.075,0.0461,0.0275,0.0865
1993-12,0.0225,0.0398,-0.014,0.0527,-0.0353,0.0287,0.0521,-0.06,0.0625,0.0349,0.0118,0.0376,0.0044,0.0105,-0.1266
1994-01,0.1659,0.0357,0.0021,-0.0383,-0.048,-0.0557,-0.0156,-0.0529,-0.084,0.0084,0.0618,-0.0634,0.0493,-0.0469,0.06
1994-02,-0.033,-0.0279,0.0429,0.0922,0.0871,-0.047,-0.057,-0.0541,0.0428,-0.0647,-0.113,-0.0952,-0.0336,-0.0592,0.0708
1994-03,-0.0634,-0.0639,-0.0228,-0.1113,-0.0468,-0.0592,-0.0133,0.0074,-0.0423,-0.0993,-0.0724,-0.069,-0.0696,-0.0814,-0.0866
1994-04,-0.0417,0.1421,0.0514,0.0192,-0.0157,0.096,-0.0447,-0.0098,0.0277,-0.0125,-0.0042,0.0926,0.0689,-0.0127,-0.0242
1994-05,0.05,0.0686,0.0286,-0.0235,-0.0605,0.0765,0.1043,0.0465,-0.0359,0.1751,0.0295,0.0885,-0.0088,0.1068,-0.0693
1994-06,-0.0311,-0.0722,0.0609,-0.0873,-0.0602,-0.0311,0.0132,0.0382,0.0142,-0.0066,-0.0154,-0.0098,-0.0532,0.0841,0.0337
1994-07,0.0535,0.0852,0.041,0.0294,0.0764,0.0962,-0.0032,-0.0483,0.0923,-0.1451,-0.0042,-0.0178,0.0511,0.0321,0.0309
1994-08,0.099,0.0083,0.0372,0.0726,0.0473,0.0727,0.0098,0.1012,0.0366,0.1851,0.1519,0.1084,0.0919,0.006,-0.0133
1994-09,0.0097,-0.1211,-0.0382,0.0131,0.0266,0.0324,-0.0854,0.0132,0.0613,0.0154,0.0527,0.0128,-0.0205,-0.0103,-0.0508
1994-10,0.1019,0.0102,-0.0053,0.0545,0.0443,0.0556,0.0857,0.024,0.036,0.0713,0,0.0723,0.0604,-0.0313,0.0053
1994-11,-0.0349,-0.0833,-0.008,-0.0103,0.0424,-0.0176,-0.0428,-0.0237,0.0188,0.0202,0.0456,0.0502,-0.006,-0.0206,-0.0088
1994-12,0.1199,0.0056,0.0121,0.0541,0.0305,0.0258,-0.0016,0.0197,0.0073,0.0479,0.0315,-0.0016,-0.008,-0.0659,-0.086
1995-01,-0.023,0.0332,-0.0054,-0.0014,-0.017,0.0616,0.0871,-0.0538,0.0194,0.0038,0.0557,0.0583,0.056,0.1353,0.0765
1995-02,-0.0621,0.0804,0.0607,0.0258,0.0491,-0.0187,0.0288,-0.0116,0.0476,0.0269,0.0528,0.0217,0.0211,0.0216,0.0383
1995-03,-0.0132,0.0175,0.0115,0.0233,0.0661,0.0485,-0.0482,0.081,0.029,0.0914,0.013,0.0331,-0.0038,-0.0203,0.0811
1995-04,-0.0201,-0.0148,0.0038,0.0706,0.0658,0.0924,0.106,0.0899,0.031,0.0222,0.0059,0.0102,0.06,-0.0155,-0.0732
1995-05,0.0151,0.1425,0.01,0.0961,-0.0415,0.0224,0.1048,0.0607,0.0602,0.007,0.0962,0.0233,0.0286,-0.0571,0.0474
1995-06,0.0068,-0.053,0.0449,-0.0503,-0.0025,0.0208,0.0244,0.0633,0.0381,0.0519,0.0516,0.0454,0,0.0335,0.0774
1995-07,-0.1141,0.0466,0.0824,-0.0363,-0.0396,0.063,0.1032,0.007,0.0294,-0.0032,0.0509,0.0991,-0.0362,0.073,-0.0047
1995-08,0.0595,0.1025,0.0121,-0.0286,-0.0214,-0.0337,0.1283,-0.0554,-0.021,0.0546,-0.0339,-0.0196,0.0073,0.0386,-0.0779
1995-09,-0.0752,0.0957,0.0428,-0.0202,0.0984,0.0743,0.0451,0.0722,0.0774,0.0977,0.1296,0.081,0.1099,0.0437,0.0102
1995-10,0.0407,-0.0223,-0.0158,0.0465,0.0485,0.0995,-0.0575,-0.0017,0.0417,0.0751,0.0268,0.0749,0.0571,-0.1116,-0.1263
1995-11,0.0812,0.0963,0.0285,0.0578,0.0668,0.0669,0.0549,0.0625,0.057,0.0368,0.0761,0.0154,0.0679,-0.004,0.1121
1995-12,0.0435,-0.0262,0.0345,-0.041,0.0738,-0.013,-0.0208,0.0115,-0.0198,0.1307,0.0661,0.0862,-0.0405,0.1,-0.0729
1996-01,0.0583,0.0036,0.1179,0.0601,0.062,0.1228,0.1489,-0.0081,0.0152,0.0178,0.0686,0.0873,0.0139,-0.0048,-0.0843
1996-02,0.0132,0.0638,-0.0817,0.0574,-0.0256,-0.0226,0.069,-0.0096,0.0713,0.0649,-0.0553,-0.0339,-0.0209,-0.1335,0.0429
1996-03,-0.0455,0.0864,-0.0356,-0.0048,-0.0142,-0.0134,-0.0157,0.0033,0.0279,0.0722,-0.0552,0.0209,0.0335,0.0333,0.0848
1996-04,0.0272,-0.0031,-0.0585,-0.01,0.0324,0.0027,-0.0133,-0.0578,-0.0151,-0.0904,-0.0281,0.0242,0.0018,0.0699,0.038
1996-05,0.0358,0.0156,0.1206,0.0277,0.032,0.0568,0.0145,0.0247,0.1288,0.0925,0.0682,0.0316,0.0399,-0.0139,0.0838
1996-06,-0.0192,0.0256,0.0645,0.0762,0.093,0.0167,0.0089,0.0069,0.0679,0.0117,0.0053,0.0088,0.0313,0.1173,-0.0173
1996-07,-0.0719,0.0408,-0.0581,-0.0682,-0.0323,-0.0354,-0.008,0.0205,-0.0434,-0.1385,-0.0058,-0.0168,-0.0102,-0.1005,-0.0542
1996-08,0.0528,-0.0102,-0.0088,0.035,-0.0405,0.0354,0.0701,-0.0914,0.072,0.0284,0.0214,0.0161,-0.0042,-0.014,0.1011
1996-09,0.0845,0.0274,0.1691,0.0692,0.1977,0.0406,0.0773,0.0204,0.0149,0.1266,0.0785,0.1144,0.097,0.1005,0
1996-10,0.1364,0.0849,0.0182,0.0658,0.0301,-0.039,0.0772,-0.078,-0.0074,0.093,0.0497,0.0458,0.02,0.1054,0.0047
1996-11,0.008,0.0995,0.0652,0.0054,0.0328,0.0851,0.102,0.0755,0.0149,0.09,0.1235,0.0867,0.0985,0.1112,-0.0377
1996-12,0,-0.0503,-0.0635,-0.004,-0.0287,-0.0657,-0.0542,-0.0331,0.0293,-0.0458,-0.0358,-0.0739,-0.0103,0.0458,-0.1058
1997-01,-0.1023,0.1061,0.0206,0.0539,0.0391,0.1608,0.0412,0.061,0.0998,0.1935,0.1381,0.1145,0.0785,-0.0109,0.044
1997-02,-0.0608,0.1098,0.0495,0.0698,0.0858,-0.001,0.0824,-0.0101,0.054,0.007,0.0166,-0.0058,0.0389,-0.1022,0.1105
1997-03,-0.0338,-0.0695,0.0236,-0.0374,0.0291,-0.0804,-0.0624,-0.0182,-0.0838,-0.0587,-0.0809,-0.0819,-0.0447,-0.0432,0.0594
1997-04,0.028,0.0878,0.0672,0.1197,0.1066,0.156,-0.012,0.0353,0.1413,0.0684,0.0727,0.1412,0.0998,0.0323,0.009
1997-05,0.0912,-0.0248,0.0477,0.1171,-0.1002,-0.0148,0.0258,0.0653,0.0766,0.0624,-0.0055,0.0765,0.0964,0.0263,0.0622
1997-06,0.175,0.1022,0.0631,0.0524,0.087,0.0729,0.0271,0.161,-0.0053,0.1754,0.1431,0.1602,0.0245,-0.0671,0.134
1997-07,-0.0426,0.1026,0.1007,0.1651,0.0414,-0.035,0.1764,0.073,0.0165,0.0337,0.0153,0.0008,0.0806,0.098,0.1091
1997-08,0.0114,-0.1607,-0.0844,-0.1733,-0.106,-0.084,-0.0209,-0.021,-0.1709,-0.0709,-0.1161,-0.0702,-0.1249,0.0131,-0.0533
1997-09,0.1069,0.0411,0.0272,0.1128,0.0566,0.0176,0.0613,-0.0587,0.0668,0.1565,0.0934,0.0846,0.0376,0.1029,0.0336
1997-10,-0.0705,-0.0333,-0.067,-0.0669,0.0562,-0.0054,-0.0165,0.0222,-0.0717,0.1085,-0.1069,0.1809,-0.0117,-0.1946,-0.0444
1997-11,-0.0371,0.0042,0.1711,0.0318,0.0861,0.1008,-0.0579,0.0822,0.1062,-0.0576,0.0625,0.027,0.1204,-0.0384,0.1446
1997-12,0.0146,0.0188,-0.0799,0.1001,0.0417,0.0467,0.0069,0.0701,0.067,0.1052,0.1226,0.0249,0.0476,0.131,-0.0139
1998-01,-0.0288,-0.0154,-0.0368,0.0003,-0.0796,0.0161,-0.0155,-0.0655,-0.029,-0.0287,0.1073,0.0964,-0.0148,-0.1189,0.0095
1998-02,0.0677,0.1441,-0.0551,0.1084,0.0853,0.1293,0.1574,-0.076,0.0598,-0.0239,0.0868,0.0849,0.0829,0.081,0.1633
1998-03,-0.0223,0.0703,0.0708,0.0685,0.021,-0.0257,0.0872,0.0117,0.1306,-0.094,0.0084,0.1264,-0.0059,-0.0128,0.0988
1998-04,-0.0199,0.042,-0.0866,0.037,-0.0921,-0.0264,0.0327,-0.0435,-0.0202,0.1667,-0.06,0.1417,-0.0229,0.0032,-0.0049
1998-05,-0.1169,-0.0066,0.0021,-0.03,0.0621,-0.0306,-0.0189,0.007,0.0329,-0.1148,-0.029,-0.0774,0.0205,0.0951,0.0902
1998-06,0.0231,0.0208,0.0833,0.0115,-0.0252,0.0715,0.1108,-0.0877,0.0928,0.0794,0.147,0.037,0.0857,0.0266,0.1034
1998-07,-0.1161,0.0399,-0.1785,0.0514,0.0204,0.0439,0.0064,-0.1177,-0.0585,0.0151,-0.0762,0.0104,-0.1252,-0.0029,0.0391
1998-08,-0.0774,-0.279,-0.0435,-0.2182,-0.0671,-0.1036,-0.3058,-0.0756,-0.191,-0.0193,-0.0617,-0.1514,-0.0362,-0.2358,-0.0653
1998-09,0.1167,-0.063,0.0884,-0.0468,-0.0037,0.1341,-0.1786,0.0799,-0.1129,0.1911,0.1222,0.1371,-0.0703,0.2045,-0.0728
1998-10,-0.0037,0.0748,0.1369,0.2895,0.0665,0.0415,0.3257,0.0019,0.1725,0.0343,0.0425,0.0148,0.2509,0.1572,0.2643
1998-11,0.1041,0.1337,0.0324,-0.0311,0.0715,0,0.1166,0.117,0.0392,0.1097,0.1485,0.0449,-0.012,-0.0995,0.0905
1998-12,-0.068,-0.0708,0.002,0.0847,-0.0372,0.0323,0.1192,-0.0683,-0.0437,-0.0091,-0.0457,0.1167,0.0421,0.0272,0.0824
1999-01,-0.1168,0.1123,0.0374,-0.131,-0.1425,0.0149,0.0887,0.1905,-0.0252,0.0541,-0.0051,0.029,-0.0017,-0.0147,0.056
1999-02,0.0033,-0.0234,-0.075,0.0552,-0.1438,0.0059,0.0349,-0.0834,-0.022,0.0111,0.1107,0.0275,-0.0151,-0.0197,0.0015
1999-03,-0.0289,0.0882,-0.1476,0.0839,0.0124,0.0952,0.022,-0.0861,-0.0366,-0.1019,-0.0136,0.0516,0.0943,0.0091,0.0716
1999-04,0.0213,0.0133,-0.0223,0.1164,0.0071,0.0428,0.0189,0.0943,0.109,-0.1325,-0.1217,-0.1707,-0.0392,0,-0.002
1999-05,0.0033,-0.0961,0.0477,-0.025,0.0859,-0.0471,-0.1227,-0.0561,0.0064,-0.0266,-0.0391,-0.0682,-0.0047,0.113,-0.0734
1999-06,0.0292,0.1403,0.0216,-0.0138,0.048,0.058,0.1952,-0.0486,-0.0926,0.0026,0.0927,0.0187,-0.0442,-0.0217,0.1331
1999-07,-0.0972,-0.0946,-0.0332,0.0057,-0.0464,-0.0708,-0.1044,0.0549,-0.0232,-0.0829,-0.0815,-0.0677,0.0183,-0.1694,-0.1244
1999-08,-0.017,-0.0885,-0.0416,0.0835,0.0043,0.1259,0.086,0.0286,-0.0124,0.1396,-0.0065,0.1168,0.0959,-0.1383,0.0488
1999-09,-0.0673,-0.0721,-0.0791,-0.1449,-0.1146,-0.1015,-0.0993,0.0527,-0.1906,-0.1399,-0.031,-0.0497,-0.0554,0.0233,0.0745
1999-10,0.0103,0.1571,0.1551,0.3258,0.1559,0.1401,0.163,0.0634,0.2228,0.073,0.2276,0.1063,0.1221,-0.0722,0.1919
1999-11,0.0143,-0.0921,-0.0665,-0.093,-0.0083,-0.0069,-0.1089,-0.143,0.1415,0.0451,-0.011,-0.0846,0.0346,0.142,0.0143
1999-12,-0.0202,-0.1335,-0.0596,0.1845,-0.1331,-0.1012,-0.0008,-0.0904,-0.133,-0.0732,-0.1425,-0.1052,0.0098,-0.0647,0.203
2000-01,-0.0309,-0.0349,-0.0461,-0.086,-0.1816,-0.0771,0.0439,-0.213,-0.0139,0.0056,0.173,0.1156,-0.0747,-0.1577,-0.208
2000-02,-0.1394,-0.0503,-0.2362,-0.1192,-0.0974,-0.1601,-0.0132,0.0539,-0.1534,-0.1073,-0.2189,-0.1098,-0.1305,-0.2437,-0.1073
2000-03,0.0248,0.1508,0.1069,0.0802,0.0837,-0.0243,0.095,0.0173,-0.0312,0.0536,0.0138,0.1381,-0.357,0.0788,0.1572
2000-04,-0.0364,-0.0656,0.0526,0.0161,-0.1472,0.1744,-0.1673,-0.0583,0.0067,0.2315,0.1187,0.1521,0.0632,-0.0618,-0.0199
2000-05,0.2063,0.1416,0.2219,-0.0788,0.1923,0.0887,0.0355,0.2627,0.1296,-0.0096,0.0779,0.06,0.113,-0.0501,0.0474
2000-06,-0.178,-0.2244,-0.1734,0.1378,-0.0605,0.1383,-0.0749,-0.0206,0.0793,0.312,0.0268,0.0771,-0.1391,-0.1139,-0.0054
2000-07,-0.0446,0.1017,0.0828,-0.0673,-0.0824,-0.0865,0.0856,-0.1282,0.0675,0.0401,-0.0644,-0.1016,-0.0004,0.0714,-0.0466
2000-08,-0.0077,0.1412,-0.104,-0.0853,-0.0425,-0.0087,0.1245,-0.0963,-0.1417,-0.2947,-0.0205,0.005,0.0868,-0.0157,-0.1365
2000-09,-0.0213,-0.0222,0.0956,-0.0734,0.0197,0.0218,-0.1734,0.0431,0.0507,0.1113,0.0653,0.039,0.0839,0.0884,0.0158
2000-10,0.2754,-0.0823,0.0766,0.2483,0.1391,-0.0193,-0.008,0.0491,0.0952,0.1017,0.2082,-0.0389,0.0715,0.1188,-0.0571
2000-11,0.1636,-0.1574,0.1901,-0.0002,0.141,0.089,-0.1896,-0.0196,0.0401,0.0512,0.0306,0.0281,0.0481,0.255,0.1501
2000-12,0.1765,0.1487,0.0221,0.0987,0.0375,0.0506,0.2322,0.066,-0.0269,-0.0067,0.0138,0.0381,0.0476,-0.0893,0.0191
2001-01,-0.0013,0.1732,-0.0913,-0.0668,-0.0433,-0.1136,0.2173,-0.0019,-0.0482,-0.1533,-0.1222,-0.0185,-0.0796,0.0667,0.0692
2001-02,0.008,-0.0615,-0.159,-0.0171,-0.0903,0.0485,-0.1515,0.0245,-0.0857,0.0119,-0.0241,-0.0009,-0.0187,-0.0699,-0.1181
2001-03,-0.1262,0.0961,-0.0732,-0.0642,-0.002,-0.1013,-0.0377,0.0165,-0.145,-0.0352,-0.0494,-0.09,-0.1121,0.0682,0.0096
2001-04,-0.0943,0.0228,0.1409,0.0135,0.0266,0.103,0.0762,-0.0566,0.0228,0.1088,0.0009,0.0574,-0.0351,0.0223,0.0246
2001-05,0.1377,0.068,0.0127,0.0141,-0.0296,0.0086,0.0244,0.0577,0.0262,-0.0002,-0.0348,-0.0069,0.0698,-0.0719,0.0002
2001-06,-0.0333,0.0132,-0.0499,0.0415,-0.1283,0.0315,-0.0926,0.0853,-0.0468,-0.1263,-0.1244,-0.0662,-0.0068,-0.2771,-0.0557
2001-07,0.0261,0.0598,0.0848,-0.0781,0.0713,0.082,-0.0215,0.0369,-0.0089,0.0714,0.0637,0.0292,0.1191,0.1184,0.1455
2001-08,0.0569,-0.0333,0.0784,-0.0009,0.0303,-0.0224,-0.0901,0.0722,0.0913,-0.0173,-0.0372,-0.0679,0.0441,0.0282,-0.1404
2001-09,-0.0625,-0.0413,-0.0218,0.0757,-0.0067,0.051,-0.1332,-0.0622,-0.0337,0.0395,0.023,0.0467,-0.0183,-0.0502,0.0316
2001-10,0.1064,0.0101,0.0305,-0.0094,0.0142,0.0453,0.0454,0.0167,0.022,-0.052,-0.0419,0.0449,0.0188,-0.023,0.0384
2001-11,0.1082,0.0405,0.0031,0.0146,0.0379,0.009,0.0667,-0.0248,-0.0155,0.0843,0.0617,0.0363,0.0499,0.2329,0.073
2001-12,-0.0676,0.0354,0.0348,-0.0105,0.0191,0.0146,-0.0363,0.0207,0.004,-0.05,-0.1269,-0.0799,0.0216,-0.0399,0.0448
2002-01,-0.0286,0.0013,0.0532,-0.0073,-0.0423,-0.0269,-0.0539,0.0252,-0.0721,-0.0438,0.0065,0.0457,0.037,0.0926,0.0422
2002-02,-0.0029,0.0241,-0.056,-0.0205,-0.0601,0.0621,-0.141,0.1278,0.0832,0.0125,0.0363,-0.0139,0.0381,0.0325,0.0338
2002-03,0.0058,0.0636,0.0359,0.0209,0.0022,0.0665,0.2188,-0.0284,0.107,0.0062,-0.0554,-0.0298,0.0625,-0.0393,-0.0102
2002-04,-0.0474,0.0656,0.0103,-0.0693,0.0361,-0.0168,-0.0059,0.07,0.0622,-0.1332,-0.0563,-0.0853,0.0061,0.1234,-0.0887
2002-05,0.1002,0.0459,0.0141,0.0224,0.0232,-0.0361,0.0242,0.0287,0.0009,-0.0157,0.0508,-0.0446,-0.0079,0.0556,-0.0315
2002-06,-0.121,-0.064,0.1235,-0.0766,-0.0209,-0.1482,-0.0565,-0.0229,0.0115,-0.1283,-0.107,0.0116,0.0049,0.0508,0.0182
2002-07,-0.0852,-0.0549,-0.0834,0.0296,-0.1519,0.0142,-0.2541,-0.0396,-0.1082,0.0358,-0.0205,-0.0757,0.0011,-0.1844,-0.106
2002-08,0.047,0.0538,0.047,0.0623,-0.0064,0.0286,0.0577,-0.0589,0.0212,-0.001,0.0185,0.0266,-0.0038,-0.015,0.0874
2002-09,0.0263,-0.0811,-0.0548,-0.011,-0.0462,-0.0042,-0.2807,0.0339,-0.0557,-0.0467,-0.0881,-0.1227,0.0082,-0.0636,-0.0779
2002-10,0.0887,0.094,-0.0142,0.0224,-0.0382,0.0864,0.1106,-0.0418,-0.0309,0.0029,0.1866,0.0948,-0.0058,-0.0482,0.0875
2002-11,-0.0169,0.004,0.0049,-0.0653,0.1456,-0.026,0.213,0.0553,-0.0138,0.2362,0.0953,-0.0035,-0.0443,0.0696,0.0065
2002-12,-0.0698,0.0019,0.0263,0.0202,-0.0216,-0.0581,-0.0465,0.027,-0.0394,-0.0703,-0.0411,-0.0304,0.0167,-0.0492,-0.0615
2003-01,-0.0282,0.0069,-0.0093,-0.0256,0.0213,-0.0019,-0.0133,-0.0254,-0.0771,-0.0513,-0.0216,-0.002,0.0005,-0.0811,-0.0537
2003-02,-0.0905,-0.0116,-0.0595,-0.0118,-0.1348,-0.0178,-0.0283,-0.1071,-0.0059,-0.0555,-0.0477,-0.0178,-0.0434,-0.1038,0.0054
2003-03,-0.0092,-0.0254,-0.1296,0.0821,0.0125,0.1033,0.0454,0.0365,0.0119,0.0104,0.0453,0.0449,0.0878,-0.1576,0.0845
2003-04,0.0259,0.1079,0.0581,0.0546,0.0565,-0.0261,0.2522,0.0682,-0.002,0.1167,0.0621,-0.0132,0.0136,0.2426,0.0825
2003-05,0.0857,0.002,0.1557,0.0429,0.1325,-0.0314,0.1196,0.0829,0.128,-0.0582,-0.0447,0.0137,0.0219,-0.0093,-0.0659
2003-06,0.0752,0.0737,-0.0276,-0.028,-0.018,-0.0488,0.0402,-0.0236,0.0233,0.1539,0.0959,0.1009,-0.0288,0.1179,0.0219
2003-07,0.021,0.0448,-0.0349,-0.0537,-0.0079,0.0017,0.0354,-0.0012,-0.031,-0.0454,-0.087,-0.0231,-0.0096,0.0669,0.0417
2003-08,0.0601,-0.0402,-0.0235,0.0125,0.0021,-0.038,-0.0237,-0.0159,-0.0322,0.0156,-0.0377,-0.0986,-0.0066,-0.0079,0.0583
2003-09,-0.0548,-0.0052,-0.0345,0.011,0.095,-0.0012,0.0032,-0.0054,-0.0078,-0.1072,0.0133,0.0154,0.0634,0.2616,-0.0561
2003-10,0.0946,-0.0296,0.1347,-0.044,-0.0159,0.0164,0.0556,-0.0066,0.0801,0.1215,-0.1258,0.0402,0.0638,0.0099,0.0571
2003-11,0,-0.004,0.0277,-0.013,-0.012,-0.0157,-0.0139,0.0873,0.0069,0.0378,-0.0825,0.0671,-0.0209,-0.0406,-0.0561
2003-12,0.0651,0.0769,0.0771,-0.0467,0.0526,0.0479,0.0376,0.0646,0.0914,0.0222,0.147,0.0524,0.0378,-0.03,-0.0449
2004-01,0.0289,0.0128,-0.0072,0.0292,-0.0175,0.0341,0.0681,-0.0071,-0.0298,-0.0326,0.0303,0.0368,0.0166,0.1616,0.0151
2004-02,0.1031,0.0056,0.0482,0.0815,0.0619,0.0137,0.0548,0.0444,0.0146,0.0919,0.0101,0.0052,0.0141,0.0351,0.106
2004-03,-0.0192,-0.0017,-0.0092,-0.0063,-0.0247,-0.0592,0.0227,0.0001,0.0118,-0.0952,-0.0732,-0.0437,0.0231,0.1367,0.0044
2004-04,0.0409,-0.0061,0.082,0.0548,0.019,0.0653,-0.0956,0.0933,0.0054,0.1033,0.0636,0.0203,0.0131,0.0382,-0.0451
2004-05,-0.0487,0.0328,-0.0267,-0.0117,-0.0767,0.0364,-0.0202,-0.0058,0.0154,0.0029,0.0064,-0.007,0.0196,0.0971,-0.02
2004-06,0.009,0.0275,-0.037,0.0219,0.0537,-0.0002,0.0524,-0.013,-0.0121,-0.051,0.0121,-0.03,0.0098,0.021,-0.0533
2004-07,-0.0805,0.0046,-0.0303,-0.0857,-0.0421,-0.0077,-0.0284,-0.0045,-0.1311,-0.0885,-0.0453,-0.0677,-0.0375,-0.0902,0.0047
2004-08,0.0399,0.0582,0.0077,0.015,0.0145,0.0564,0.0603,0.0137,0.0194,0.0013,-0.0084,0.0275,0.0733,-0.1333,-0.004
2004-09,0.0632,-0.0267,-0.0187,-0.1633,0.0127,-0.0305,0.0038,0.0162,-0.0986,-0.0536,-0.2577,-0.0634,-0.0331,-0.0279,0.0101
2004-10,0.1408,0.0337,0.0374,-0.0071,0.0274,0.0364,-0.0199,0.008,0.0152,-0.0856,-0.0512,-0.0539,-0.0497,-0.0949,0.0135
2004-11,0.0983,0.033,0.0246,0.0307,0.063,0.0381,-0.0246,0.0222,-0.0271,-0.0223,-0.1051,-0.0349,0.0449,0.1331,-0.0345
2004-12,0.0524,0.0253,0.0887,0.1124,0.0536,0.0514,0.0361,0.022,0.0593,0.0641,0.1606,-0.0317,0.0299,0.1226,0.0171
2005-01,0.0847,-0.0132,0.011,0.0317,-0.0191,0.0202,-0.0344,-0.0004,-0.0036,-0.0442,-0.1273,-0.1015,-0.029,-0.0668,-0.008
2005-02,-0.0006,0.006,-0.0739,0.0072,-0.0553,0.0183,-0.0209,-0.0087,0.0316,0.0395,0.1301,0.096,-0.0026,-0.0064,-0.0151
2005-03,0.0199,-0.045,-0.011,-0.0142,0.0477,0.0238,-0.0534,-0.0166,-0.0199,-0.0696,0.0331,-0.0008,-0.0017,-0.02,-0.0262
2005-04,-0.2681,0.0213,0.0001,-0.0401,0.0307,0.0219,0.0355,0.0388,0.0425,0.1223,0.0473,0.0343,0.027,0.0126,-0.0593
2005-05,0.1081,0.0284,-0.0224,0.0036,0.0434,-0.0175,0.0073,0.0176,0.0274,0.0036,-0.0431,0.0339,0.0185,0.0953,0.0051
2005-06,0.0771,-0.0056,-0.1143,-0.0012,-0.0084,-0.0313,-0.012,-0.0231,-0.0583,-0.0444,-0.0388,-0.0115,-0.0435,-0.0358,0.0205
2005-07,0.073,-0.0441,-0.0077,0.0665,0.0081,-0.016,0.0045,0.0196,0.0481,0.011,0.0084,-0.0392,0.0599,0.0472,0.0239
2005-08,-0.015,-0.0016,0.0053,-0.0083,-0.047,-0.0038,-0.0356,0.0066,0.0055,-0.0163,-0.0789,-0.0313,-0.0027,-0.044,-0.0859
2005-09,0.0955,-0.0216,0.0841,0.0055,0.0119,-0.0017,0.0012,0.0176,-0.012,-0.0273,-0.0361,-0.02,0.0717,0.0152,-0.0254
2005-10,-0.0118,0.039,-0.0488,0.0087,-0.0158,-0.0104,0.0893,-0.0425,-0.0095,-0.0697,0.0371,-0.1294,-0.0537,-0.0139,0.0796
2005-11,-0.0293,0.0606,-0.0761,0.0295,0.0381,-0.0086,0.0445,0.004,0.0044,0.0219,0.0553,-0.0161,0.0214,-0.0522,0.0264
2005-12,0.0462,0.0057,-0.0567,0.0061,-0.0086,-0.0267,0.0376,-0.0193,-0.0558,0.1206,0.082,0.1,0.0121,0.016,-0.0332
2006-01,0.2774,-0.0416,0.0356,0.006,0.0054,-0.0426,0.0101,-0.0074,0.0265,0.0005,0.0846,0.1012,0.0282,-0.162,-0.0147
2006-02,0.0102,0.0366,0.0145,-0.0075,0.0401,0.0076,0.035,0.0393,0.0143,-0.0106,0.0104,0.0292,0.0118,-0.053,-0.0163
2006-03,0.0608,0.0041,0.0204,0.0481,0.0408,0.0272,0.0122,-0.0061,0.005,-0.0058,0.0215,-0.0485,-0.0384,0.0155,0.0451
2006-04,0.0799,0.0962,0.0652,0.041,-0.0025,-0.0103,0.098,0.0515,0.0022,-0.043,-0.023,0.0165,0.0154,0.0626,-0.0468
2006-05,0.1467,-0.0204,-0.0035,0.0206,0.0949,0.0339,-0.0604,0.0231,0.0493,-0.0166,-0.0218,-0.0565,-0.068,0.0993,0.0797
2006-06,-0.007,-0.0062,-0.0217,-0.0073,0.0546,-0.005,-0.015,0.0282,-0.0159,0.0703,0.0943,-0.008,0.0249,-0.0718,-0.0058
2006-07,0.0659,0.0713,-0.0194,-0.0043,-0.0067,0.0439,0.0943,-0.0054,0.0344,0.0271,0.1054,0.1074,0.0164,-0.0478,-0.0762
2006-08,-0.062,0.0097,0.107,0.0091,0.0243,0.0397,0.0009,0.0586,0.007,-0.0078,0.0164,0.0696,0.1014,0.0438,0.0087
2006-09,-0.0799,0.0408,0.0286,0.0374,-0.0285,0.0043,0.0285,-0.0233,0.004,0.0191,0.0333,0.029,0.0013,0.0781,0.1029
2006-10,0.0164,0.0056,0.0756,0.0353,0.0296,0.0379,0.0175,0.016,0.0457,-0.0174,0.084,-0.0603,0.0278,-0.0901,-0.0008
2006-11,-0.0857,0.01,-0.0172,0.0169,0.0185,-0.0165,-0.0245,-0.0048,0.009,-0.0361,-0.02,0.0405,-0.0095,0.1024,-0.0645
2006-12,-0.0895,-0.0085,0.0506,0.0029,0.0268,0.0017,0.0436,0.0056,0.0303,-0.0278,-0.0119,-0.0578,0.0236,0.0352,0.0054
2007-01,0.0013,-0.0152,-0.0411,0.0518,-0.0105,0.0118,0.0615,-0.0158,-0.0077,0.0388,0.0264,0.0131,0.0142,0.079,0.0327
2007-02,0.077,-0.0226,-0.0194,-0.013,0.0619,-0.0523,-0.0302,0.0175,-0.0251,-0.0204,-0.0134,-0.0377,-0.0213,0.0304,0.013
2007-03,0.0684,0.0037,-0.0119,-0.0092,-0.0467,-0.0424,-0.0204,0.0319,0.0356,0.0213,0.0091,0.012,-0.0052,0.0636,-0.0236
2007-04,0.0545,-0.0024,-0.006,0.0196,0.009,0.0657,0.0839,0.0288,0.0873,0.1009,0.1646,0.0475,0.0252,0.0799,0.0207
2007-05,-0.0916,0.0073,0.0374,-0.0115,0.0153,-0.0083,-0.0052,0.0257,0.0153,-0.0014,0.0196,0.0499,-0.0132,0.0654,-0.0021
2007-06,-0.0557,-0.0359,0.0533,-0.0315,-0.0224,-0.0261,-0.0652,-0.0406,-0.0064,-0.0467,-0.0433,-0.0698,-0.0371,0.0336,0.0107
2007-07,0.0154,-0.0301,-0.0495,0.0233,-0.0459,-0.0182,-0.0838,0.0004,-0.0038,-0.032,-0.003,-0.0806,0.0167,-0.0755,-0.0449
2007-08,0.0064,0.0687,0.0142,0.0048,0.025,0.0282,0.0116,0.0662,0.032,0.0681,0.0105,0.0689,0.0558,0.0136,-0.0457
2007-09,-0.0184,0.0045,0.0163,0.0754,-0.0199,0.0633,0.0292,0.0195,0.0749,-0.0073,0.0379,-0.0165,0.077,-0.1717,0.0005
2007-10,0.0816,-0.0396,-0.0846,0.0745,0.0054,-0.0081,0.034,-0.0573,0.0746,-0.0488,0.1271,0.0074,-0.0067,-0.1148,0.0357
2007-11,0.0191,-0.0445,0.0544,0.05,-0.007,0.0458,-0.0294,0.0296,0.011,-0.0143,0.0189,-0.0228,0.0644,-0.0538,0.0595
2007-12,0.2773,-0.0917,-0.0492,-0.0265,-0.021,-0.0154,-0.0432,-0.0298,-0.0118,0.0083,-0.0147,-0.0434,-0.0078,0.0282,-0.0031
2008-01,-0.0528,0.07,-0.0891,-0.0141,-0.1167,-0.0534,0.0946,-0.0883,-0.0386,-0.0375,-0.2067,0.0277,-0.1042,-0.0724,0.0675
2008-02,0.0284,-0.0999,0.0289,-0.0054,0.0231,-0.0121,-0.1424,0.0676,-0.0092,-0.0175,-0.039,-0.0325,0.0116,0.0162,-0.0227
2008-03,-0.0874,-0.0299,0.0837,0.0239,0.0514,0.047,0.0566,0.0363,0.0477,0.0314,-0.1348,-0.0606,0.0588,0.1069,0.0671
2008-04,0.0705,-0.0098,-0.0084,-0.0874,0.0315,0.0342,0.1183,-0.0264,-0.0329,-0.0669,0.0024,-0.0392,-0.0374,0.116,0.1006
2008-05,-0.096,-0.094,0.0008,0.0518,-0.0379,0.0016,-0.0976,0.0186,-0.0273,0.0098,0.0242,-0.0214,-0.0149,0.0607,0
2008-06,-0.1499,-0.2793,-0.1824,-0.0707,-0.0006,-0.036,-0.2021,-0.0732,-0.0856,-0.0411,-0.0228,-0.0976,-0.0793,-0.207,-0.0267
2008-07,-0.1517,0.3783,0.1343,0.0806,0.0938,0.0642,0.1953,0.105,-0.0092,0.0206,-0.1271,0.0687,0.0834,-0.0027,0.0431
2008-08,-0.1062,-0.0535,-0.0189,0.0237,0.0118,0.0353,-0.0527,0.0324,0.0111,0.0002,0.0842,0.0407,0.0655,-0.0228,0.0117
2008-09,-0.1394,0.1445,-0.0851,-0.0089,0.0486,-0.0163,0.2133,0.0305,0.0229,-0.0562,-0.1046,-0.0351,-0.0011,-0.1777,0.0139
2008-10,-0.0539,-0.3094,-0.0951,-0.1618,-0.0104,-0.1146,-0.1086,-0.1012,-0.1668,-0.2319,-0.0193,-0.0396,-0.0682,-0.268,-0.0681
2008-11,0.3271,-0.3277,-0.1533,0.0368,-0.1555,-0.0375,-0.2325,-0.1386,0.0724,0.0237,-0.1367,-0.0542,-0.0029,-0.2277,0.0013
2008-12,0.053,-0.1138,0.1186,0.0533,-0.0559,0.0213,-0.0041,0.0175,-0.0341,0.1792,0.1519,0.0779,-0.0393,0.3055,0.0075
2009-01,-0.0503,-0.5327,0.0479,-0.0452,0.012,-0.0358,-0.1789,-0.0036,-0.0563,-0.0857,-0.0609,-0.1767,-0.1119,0.0103,-0.1595
2009-02,-0.0212,-0.3997,-0.1181,-0.0747,-0.1185,-0.1253,-0.1043,-0.1014,-0.0438,-0.1888,-0.1524,-0.1337,-0.1161,-0.0429,0.045
2009-03,0.042,0.7291,0.1187,-0.0199,0.022,0.052,0.1632,-0.0588,0.0859,0.1372,0.1211,0.1064,-0.0224,0.1139,0.0636
2009-04,-0.1138,0.3094,0.0605,0.0078,-0.0508,-0.0046,0.2434,0.1496,-0.0205,-0.0147,-0.0938,-0.0191,0.0592,0.1225,-0.0326
2009-05,0.1235,0.262,0.0503,0.1178,0.0778,0.0628,0.1182,0.0351,0.1419,0.065,0.1378,0.149,0.0506,0.2676,-0.0077
2009-06,-0.0273,0.1721,0.0253,0.0726,0.0613,0.0297,-0.0756,0.0768,-0.0155,0.002,0.0276,-0.0125,-0.0162,-0.0533,-0.0261
2009-07,0.1251,0.1205,0.0399,0.0303,0.0632,0.072,0.1346,0.02,0.0386,0.0072,0.0733,0.062,0.0949,-0.0936,0.0297
2009-08,-0.0382,0.1893,0.0458,0.0036,0.0106,0.0007,0.1245,-0.0007,-0.0215,-0.0269,0.0806,0.0584,-0.0252,0.0525,0.0253
2009-09,0.0135,-0.0375,0.056,0.0492,0.0402,0.0074,0.0083,0.0454,0.1095,-0.0129,-0.013,-0.009,0.0704,0.0534,-0.035
2009-10,0.0308,-0.1383,-0.0221,0.0366,-0.019,-0.0302,-0.0456,0.0469,-0.0073,0.0297,-0.0221,0.029,0.009,-0.0087,0.012
2009-11,0.0276,0.0871,0.0567,0.0707,0.1014,0.0725,0.0172,0.0275,0.0807,0.0944,0.1707,0.0763,0.075,-0.0367,0.098
2009-12,0.0162,-0.0492,0.0388,-0.0242,-0.0256,0.025,-0.0193,0.0118,-0.0035,-0.0278,0.0196,0.0011,-0.0276,0.0208,-0.0152
2010-01,-0.0428,0.008,-0.0048,-0.0205,-0.0204,-0.0241,-0.0643,0.0229,-0.0482,-0.0143,0.0449,0.0258,0.0224,0.1263,-0.0004
2010-02,-0.0153,0.0975,0.0756,0.0364,0.0066,0.01,0.0778,-0.0348,-0.0282,-0.0105,-0.034,-0.0498,0.0281,0.2359,0.012
2010-03,-0.0157,0.072,0.0249,0.028,0.0689,0.0349,0.0662,0.0245,0.0516,0.0547,0.023,-0.0228,-0.0002,0.1238,0.0339
2010-04,-0.0332,-0.0011,-0.016,-0.0074,0.0144,-0.0138,-0.0474,0.0283,-0.0282,-0.0345,-0.0618,-0.0251,-0.0099,0.023,-0.0353
2010-05,-0.0902,-0.1172,-0.0119,-0.0715,-0.0014,-0.0849,-0.0705,-0.0207,-0.0384,-0.0483,-0.0385,-0.0783,-0.0172,-0.1006,-0.0518
2010-06,0.0218,-0.0864,-0.0356,0.0086,0.0006,0.013,-0.075,-0.0586,-0.0163,0.0217,0.0493,-0.0637,-0.0182,-0.0677,-0.0492
2010-07,0.0596,-0.023,0.0154,0.0095,0.0096,-0.0164,0.1016,-0.005,0.0996,0.0627,-0.0146,0.0519,0.0277,0.0683,0.0649
2010-08,0.1316,-0.1125,-0.0805,-0.0651,0.0379,-0.0091,-0.0973,0.0007,0.014,-0.0427,0.0203,0.0727,-0.0244,-0.0623,-0.0146
2010-09,0.036,0.0524,0.0162,0.0409,-0.0405,0.0866,0.0468,0.0167,0.0551,0.0875,0.0577,0.0792,0.005,-0.022,0.0674
2010-10,0.0439,-0.1262,0.0356,0.0103,0.0217,0.0287,-0.01,-0.005,0.0478,-0.0364,-0.0136,0.0143,0.0681,-0.0293,0.0121
2010-11,-0.1255,-0.0436,-0.0449,-0.0074,-0.0648,-0.0259,-0.0061,-0.0124,0.0373,-0.0298,-0.0507,-0.0537,-0.0393,0.0206,-0.0015
2010-12,0.0376,0.2192,0.0512,0.0499,0.0336,0.0049,0.1342,0.0376,0.0412,0.041,0.0566,0.0742,0.0534,0.0878,0.0026
2011-01,0.0861,0.0292,-0.0009,-0.0382,-0.0176,-0.0336,0.0606,-0.0153,-0.0444,-0.0077,-0.0796,0.0405,-0.0112,-0.0447,0.0397
2011-02,0.1429,0.0408,0.0372,0.0228,-0.0141,0.037,0.0389,0.0729,0.017,0.0081,-0.0181,0.067,-0.0013,0.135,-0.0729
2011-03,-0.0315,-0.0665,0.0255,0.0285,-0.0163,-0.0356,-0.0126,0.0078,0.0452,0.0177,0.0252,0.0556,-0.023,0.0301,0.0084
2011-04,0.028,-0.0788,0.0392,0.0516,0.0233,0.1092,-0.0048,0.0609,0.0169,0.0523,0.0891,0.0325,0.0621,0.037,0.0563
2011-05,-0.1202,-0.0432,0.0401,0.0377,0.0345,0.0326,-0.0524,0.0022,-0.0096,0.053,0.0223,0.0324,0.0324,-0.0422,0.011
2011-06,-0.0697,-0.0664,0.0149,-0.0014,-0.0058,-0.0114,-0.0532,-0.0293,0.0142,-0.0247,-0.0294,-0.0396,-0.0512,0.021,-0.0377
2011-07,0.0076,-0.1141,0.0012,-0.028,-0.035,-0.026,-0.0059,0.0083,0.0107,0.0205,-0.0329,-0.0656,-0.0245,-0.0958,-0.0081
2011-08,-0.0573,-0.1576,-0.0465,0.0662,-0.0357,0.0244,-0.0714,-0.0185,0.0359,-0.0078,-0.0303,-0.0036,0.0356,-0.0028,0.016
2011-09,-0.1289,-0.2509,-0.0082,-0.0143,0.0157,-0.0321,-0.1981,-0.0208,-0.0344,-0.0144,-0.0005,-0.0685,-0.0079,-0.0063,-0.0243
2011-10,0.1665,0.116,0.0557,0.0256,0.0361,0.011,0.1624,0.0192,0.0112,0.0051,0.055,0.0894,0.0211,0.1118,0.0929
2011-11,0.0468,-0.2021,-0.0028,0.0125,-0.0195,0.014,-0.109,-0.0852,-0.0091,0.0318,0.0362,0.0524,0.0091,0.0456,0.0384
2011-12,-0.0505,0.0221,0.0451,0.0097,0.0285,0.0133,0.0736,0.0287,0.0408,0.098,0.0663,0.0782,0.0331,0.0248,0.0208
2012-01,0.001,0.2824,0.0193,-0.0118,-0.0463,0.005,0.1293,-0.0208,-0.0349,-0.0438,0.0151,-0.0111,-0.0471,-0.0969,0.0268
2012-02,0.0959,0.1192,-0.0157,0.0271,0.0511,-0.0039,0.052,0.0658,0.0345,-0.0003,-0.0026,-0.0026,0.0727,0.0166,-0.0372
2012-03,0.0147,0.2008,0.0004,0.0494,0.0159,0.0135,0.1718,0.0245,0.0667,0.0261,0.017,0.072,-0.0061,0.0127,0.0426
2012-04,-0.0262,-0.1526,-0.0076,0.0182,0.008,-0.013,-0.0587,-0.0571,0.0312,0.0279,0.0219,0.0113,-0.0448,-0.047,-0.0374
2012-05,0.0397,-0.0925,-0.0259,-0.0065,-0.063,-0.0316,-0.2287,-0.0269,-0.0208,0.0012,-0.0423,-0.0354,-0.0212,0.0636,0.124
2012-06,-0.074,0.1129,0.031,0.059,0.053,0.0822,0.0778,0.0113,0.0531,0.0479,0.1221,0.0517,-0.0167,-0.0279,0.0593
2012-07,-0.1162,-0.1027,-0.0386,0.0373,0.0006,0.0246,0.016,-0.033,0.0334,0.0261,0.058,0.0452,0.0629,-0.2029,0.0676
2012-08,0.032,0.0886,0.017,-0.0098,0.0613,-0.017,0.0317,0.0711,-0.0743,0.0311,-0.0254,0.0017,0.0411,0.046,-0.0192
2012-09,0.0161,0.1064,0.0988,0.0086,-0.0091,0.0219,0.0899,0.0199,0.021,0.0557,0.0573,0.0415,0.0323,0.023,0.0165
2012-10,-0.0125,0.0555,0.0181,-0.0153,0.0213,0.0277,0.0371,0.0128,-0.0198,0.0257,0.0119,0.0008,0.0064,0.0493,0.0165
2012-11,0.0013,0.0579,0.0726,0.0337,0.042,-0.0068,-0.0144,0.0684,0.0268,0.0185,-0.0291,0.0149,0.0085,0.1493,-0.04
2012-12,0.0258,0.1785,-0.0121,-0.0365,-0.0348,0.0053,0.0703,0.007,-0.044,0.0057,-0.0661,0.0024,-0.0278,0.012,-0.0471
2013-01,0.0416,-0.025,0.1166,0.033,0.0522,0.0545,0.0769,0.0474,0.0273,0.0886,0.0564,0.0973,0.1154,0.1402,0.0252
2013-02,0.1234,-0.0071,0.0434,0.0658,0.1212,0.0379,0.0397,0.0417,0.0397,0.0272,-0.012,0.0033,0.0136,0.0271,0.0119
2013-03,0.0587,0.0846,0.0498,0.0315,0.102,0.0712,-0.0298,0.065,0.0517,0.039,0.0445,0.0544,0.0116,0.0948,0.0639
2013-04,0.0062,0.0107,-0.0053,0.0175,0.0231,0.0454,0.039,0.0095,0.0467,-0.0248,0.0633,0.0073,0.004,-0.0077,0.0386
2013-05,-0.0448,0.1097,-0.0475,-0.0312,-0.0776,-0.0046,0.1139,-0.0392,-0.0553,-0.0312,-0.0064,-0.055,-0.0001,0.0171,-0.031
2013-06,0.0521,-0.0578,0.0368,-0.0095,0.0463,0.02,-0.033,0.0351,0.01,-0.076,0.0039,0.0286,0.003,0.0272,-0.0047
2013-07,0.0755,0.1353,0.0438,0.051,0.0514,0.089,0.0629,0.0313,-0.0007,0.0812,0.037,0.0521,0.0508,0.0755,0.0463
2013-08,-0.0293,-0.0329,-0.066,-0.0351,-0.0774,-0.0688,-0.0933,-0.0765,-0.0474,-0.023,-0.0183,-0.0349,-0.03,0.05,-0.0576
2013-09,0.0463,-0.022,-0.1029,0.0265,-0.0572,0.0032,0.023,-0.0326,-0.0005,-0.0208,0.0158,0.0183,-0.0295,-0.0231,0.0134
2013-10,0.1102,0.0123,0.0567,0.0973,0.0534,0.0683,0.0045,0.077,0.0446,-0.0101,-0.0529,0.0682,0.0762,-0.0216,0.0377
2013-11,-0.0112,0.1324,0.0371,0.0167,-0.0902,0.0293,0.1102,-0.034,0.0227,0.0179,0.1051,0.0419,0.043,0.148,0.0555
2013-12,0.0783,-0.0152,0.0215,-0.0091,0.1175,-0.0324,0.022,0.0071,0.0279,0.0155,0.0132,-0.0347,-0.0334,0.0559,-0.0228
2014-01,-0.0903,0.0758,-0.0493,-0.0558,-0.0406,-0.0341,-0.0469,-0.0506,-0.0845,0.059,0.0583,-0.0075,-0.0514,0.1178,-0.051
2014-02,0.0344,-0.0131,-0.1066,0.0261,0.051,0.0487,0.0264,0.0467,0.01,0.1128,0.0759,0.0648,0.0266,0.0568,0.0003
2014-03,0.0687,0.0411,0.0926,0.0325,0.0363,0.0663,0.0685,0.0409,0.02,-0.0126,0.0039,0.0003,0.0247,0.1156,0.0296
2014-04,0.0078,-0.1198,-0.0087,0.043,0.0205,0.0312,-0.0717,0.0657,0.0551,0.0041,0.0315,-0.0262,0.0322,-0.0464,0.0429
2014-05,0.0332,0,0.0587,0.0163,0.009,0.0086,-0.0073,0.0391,0.0029,0.0212,-0.012,-0.0444,-0.0213,0.0135,-0.0309
2014-06,-0.0185,0.0159,-0.0811,-0.0032,-0.002,0.0311,0.0369,-0.0476,0.0429,0.0386,0.0074,0.0017,-0.0272,-0.1159,-0.0221
2014-07,0.0519,-0.0078,0.0236,-0.0648,-0.0853,-0.0433,0.0078,-0.0893,-0.0725,-0.0179,-0.0192,-0.0243,-0.008,-0.0088,-0.0198
2014-08,0.0797,0.0551,0.0687,0.021,0.0777,0.0434,0.0309,0.0941,0.0618,0.049,0.0594,0.024,0.0749,0.0249,0.0326
2014-09,0.0249,0.0628,0.0261,0.0076,-0.0466,0.0276,0.0133,-0.0519,0.0298,0.0203,-0.0065,0.0061,0.0076,0.0344,0.0128
2014-10,-0.0802,0.0065,0.0472,0.031,0.041,0.0112,0.0106,0.0383,-0.0183,0.0228,-0.0226,0.0129,0.0498,0.0249,-0.0026
2014-11,0.126,-0.007,0.0632,0.0405,0.0251,0.0109,-0.0053,0.0435,0.0777,0.0344,0.0425,0.0487,0.0362,0.0518,0.1478
2014-12,-0.0129,0.0528,-0.0066,-0.0057,-0.0283,-0.034,0.0402,-0.0122,-0.0582,0.0128,-0.0523,0,0.0073,-0.0531,-0.0135
2015-01,-0.1033,-0.1532,-0.0165,-0.0189,0.0466,-0.0424,-0.1246,0.0021,-0.0249,0.0436,0.0615,0.0032,-0.0676,-0.0262,-0.0105
2015-02,0.0328,0.0436,-0.0127,0.0489,0.0186,0.0307,0.1269,-0.0168,0.0517,-0.0185,-0.0289,0.1072,0.01,0.0607,-0.0124
2015-03,-0.01,-0.0234,0.0443,-0.0209,-0.0009,-0.0186,-0.0114,0.0304,-0.0559,0.0353,-0.0104,0.0137,-0.0375,-0.0729,-0.0142
2015-04,0.0312,0.0351,-0.0036,-0.0242,-0.0328,-0.0139,0.0508,-0.0397,0.0002,-0.0107,0.0362,-0.0247,-0.0216,0.0313,-0.0511
2015-05,0.0869,0.0358,0.0681,-0.0073,0.0812,0.017,0.0398,-0.0011,0.0099,0.1048,0.0223,0.0324,-0.0141,0.0772,-0.0422
2015-06,-0.0876,0.0345,0.1323,-0.0207,-0.0143,-0.0268,0.0301,-0.0011,-0.0342,0.0582,-0.0576,-0.0351,-0.0019,0.0042,-0.045
2015-07,-0.0166,0.0505,0.0135,0.0457,0.0414,0.0282,0.0179,0.0553,0.0472,0.0122,0.0357,0.0755,-0.0112,0.0403,0.0148
2015-08,-0.0453,-0.0861,-0.054,-0.0766,-0.0268,-0.0547,-0.0646,0.0092,-0.0428,-0.0196,-0.0867,-0.0987,-0.0786,-0.0444,-0.0939
2015-09,-0.0787,-0.0435,-0.0281,0.0103,0.0561,-0.0067,-0.0488,0.0041,0.0287,0.0163,-0.0745,-0.0251,0.018,0.0194,0.0017
2015-10,0.1016,0.077,0.0072,0.0515,0.0083,0.0823,0.061,0.0597,0.0556,-0.0253,0.1067,0.0767,0.0709,0.0292,-0.1172
2015-11,-0.1947,0.0387,0.0094,-0.0101,0.0285,0.0095,0.0378,-0.0177,0.0142,0.0119,-0.0302,-0.0228,-0.0202,0.1305,0.028
2015-12,0.0052,-0.0316,0.0301,0.0143,0.0059,0.0146,-0.0097,0.0509,0.008,0.0271,0.0051,-0.015,0.0611,0.0666,0.0501
2016-01,-0.0363,-0.1598,-0.0064,0.0194,0.0794,0.0167,-0.0922,0.0162,-0.0009,-0.0612,-0.0407,-0.0555,0.0371,0.0006,0.0825
2016-02,-0.0025,-0.1146,0.0101,-0.028,0.0947,0.0146,-0.0538,0.0147,0.0049,-0.0833,-0.0091,-0.0171,-0.0171,0.2163,-0.0003
2016-03,0.0386,0.0839,0.0609,0.0763,0.033,0.0284,0.0519,0.0342,0.0837,0.0001,0.0629,-0.001,0.0252,0.0295,0.0399
2016-04,0.1,0.0769,0.0043,0.0093,-0.0277,0.0359,0.0746,0.0034,-0.0343,0.0489,0.0365,0.1036,-0.0185,-0.0126,-0.0237
2016-05,0.0784,0.0158,0.0256,-0.0072,-0.0185,0.0126,0.0328,-0.0253,-0.0045,0.0001,0.0259,0.07,0.0115,-0.0287,0.0659
2016-06,0.0028,-0.0994,0.0462,0.0396,0.0984,0.0764,-0.048,0.0979,0.0242,0.0496,0.0322,0.0147,0.0448,0.0472,0.0316
2016-07,0.0511,0.0919,-0.0167,0.0221,-0.0593,0.0324,0.0372,0.013,-0.0375,0.0526,0.0182,0.0477,0.0188,0.102,-0.0007
2016-08,-0.0226,0.119,-0.0032,-0.0012,-0.0249,-0.0406,0.0552,0.0002,-0.0046,-0.0559,0.0704,-0.0485,0.0201,0.0288,-0.0141
2016-09,-0.0363,-0.0304,0.0107,-0.0027,-0.0991,-0.0101,-0.0135,-0.0577,-0.0175,0.0323,0.0013,-0.0267,0.0279,-0.0119,0.0095
2016-10,0.0332,0.0543,0.028,-0.0322,-0.0002,-0.0181,0.0473,-0.0302,0.0019,-0.08,-0.0591,-0.0638,-0.0254,-0.0512,-0.0291
2016-11,-0.0009,0.2845,-0.0168,-0.0859,0.0469,-0.0335,0.1575,-0.0347,-0.0401,-0.0841,0.0421,0.023,-0.05,-0.195,0.0059
2016-12,0.056,0.0464,0.078,0.0032,0.0629,0.0351,0.0763,0.0238,0.0275,0.0958,-0.0302,0.0106,0.0196,0.0857,-0.0115
2017-01,-0.0304,0.0244,-0.0066,-0.0072,0.0349,-0.017,-0.0137,-0.0136,0.0027,0.0473,0.053,-0.0231,0.0498,0.018,-0.0344
2017-02,0.0685,0.0901,0.0542,0.1301,-0.0463,0.0862,0.0708,0.0259,0.0094,0.0818,0.0626,0.0854,0.0396,-0.0001,0.0628
2017-03,-0.0198,-0.0411,-0.0211,0.0029,-0.0356,0.0191,-0.0307,-0.0197,0.0203,0.0157,-0.0282,0.0026,-0.0134,-0.0136,0.0234
2017-04,-0.0063,-0.0106,-0.0337,-0.0102,0.0114,-0.0087,-0.0039,-0.0222,0.0167,-0.0244,-0.019,-0.0085,-0.0204,0.0413,0.043
2017-05,-0.0842,-0.0366,-0.0062,0.06,0.0019,0.0455,-0.0557,0.0158,0.0538,-0.024,0.0446,-0.028,0.0087,-0.1042,0.0523
2017-06,-0.0048,0.0826,-0.0721,-0.0292,-0.0954,0.0315,0.1126,-0.0299,-0.0055,0.0343,-0.0084,0.0288,-0.0107,0.0923,-0.0372
2017-07,0.0193,-0.0058,-0.0366,-0.0206,0.0198,0.0033,0.0098,-0.021,0.0221,0.0044,-0.0033,-0.0128,0.05,0.0117,0.057
2017-08,-0.0128,-0.0046,-0.052,-0.0078,-0.1255,0.0037,-0.0099,-0.0294,-0.0063,-0.0103,-0.0003,0.0326,0.016,0.0026,-0.0176
2017-09,0.0288,0.0607,0.0394,0.0169,0.0134,-0.0178,0.0508,-0.0472,-0.0037,0.0523,0.01,0.0525,-0.014,0.113,0.0009
2017-10,-0.0386,0.0809,0.0187,-0.0275,0.0192,0.0723,0.0593,0.0026,0.0216,-0.0421,-0.1396,-0.0179,-0.0434,0.0349,0.1174
2017-11,-0.0164,0.0329,0.0928,0.0284,0.0407,0.0055,0.0389,0.0667,0.0035,0.0393,0.0033,0.0434,0.0423,0.1322,0.1136
2017-12,0.005,0.0479,0.0091,0.0414,-0.0241,0.0028,0.0232,0.0275,0.0024,-0.0021,0.0268,-0.0011,0.021,-0.0143,0.0209
2018-01,0.0716,0.084,0.0144,-0.0107,-0.0252,-0.011,0.0869,0.0019,0.0373,-0.0356,0.053,0.0226,-0.0528,-0.0612,0.0795
2018-02,-0.0255,0.0031,-0.0492,-0.071,-0.0752,-0.0541,-0.0015,-0.028,-0.0918,-0.0475,-0.0849,-0.0105,-0.0906,-0.0188,-0.1556
2018-03,0.0446,-0.062,0.0208,0.0393,0.006,-0.0133,-0.0479,-0.0098,0.0139,0.0045,0.0135,-0.0226,0.0097,-0.016,-0.0058
2018-04,0.0463,-0.0023,0.0109,-0.0841,-0.0503,-0.013,-0.0057,-0.094,-0.0051,0.0478,0.0808,0.0316,-0.0785,-0.0422,-0.0057
2018-05,-0.0292,-0.0254,-0.0003,-0.0328,-0.1751,-0.0472,-0.0163,0.1024,-0.0049,0.0559,0.0112,-0.0093,0.0115,-0.0332,-0.061
2018-06,0.0483,-0.0293,-0.0359,0.0273,0.2051,0.0144,-0.0263,0.0851,0.0291,0.0034,0.0277,0.0097,0.0668,0.0205,0.0377
2018-07,0.053,0.0954,0.0334,0.0404,0.0175,0.0921,0.1085,0.0166,0.0632,0.158,0.0852,0.1006,0.0453,-0.1627,0.0418
2018-08,0.0513,0.0016,0.0011,-0.009,-0.0355,0.0232,-0.0032,0.0186,-0.0442,0.0749,0.0413,0.0483,0.0256,0.0947,0.0801
2018-09,-0.0026,-0.0427,-0.0756,0.0081,-0.0715,0.0258,-0.0152,-0.0247,0.0451,0.0157,0.0413,0.0614,0.0034,-0.0522,-0.0203
2018-10,-0.0601,-0.0665,0.0542,-0.1043,0.0308,0.0132,-0.0268,-0.0648,0.0366,0.0105,0.0376,-0.0229,0.0741,0.0066,0.0678
2018-11,-0.0189,0.0327,-0.0916,0.0667,0.0478,0.0558,0.0199,-0.0194,0.0608,0.0992,0.0778,0.0815,0.0657,-0.0099,-0.0262
2018-12,-0.1097,-0.1271,-0.3395,-0.063,-0.1584,-0.1215,-0.122,-0.1043,-0.0605,-0.0246,-0.03,-0.0558,-0.0274,-0.0941,-0.0408
2019-01,0.0959,0.1554,0.0231,0.0938,0.0846,0.0312,0.0684,0.0351,0.0165,0.0358,-0.0259,-0.0192,0.0573,0.1596,0.0288
2019-02,-0.0457,0.0267,0.0799,0.0184,0.0167,0.0335,0.0083,-0.0466,-0.058,0.059,0.0922,0.0212,0.0216,0.0019,0.033
2019-03,0.0148,-0.0512,0.187,0.0405,0.0586,0.0231,-0.03,0.0299,0.0423,0.0275,0.0299,-0.0203,0.0558,0.126,-0.0094
2019-04,0.0341,0.1084,0.1172,0.0683,0.0239,0.0101,0.1543,0.0509,0.0469,-0.098,-0.0536,-0.0438,0.0305,0.0804,0.0544
2019-05,-0.133,-0.1302,-0.1303,-0.0436,-0.0615,-0.0644,-0.0869,-0.1191,0.0014,-0.0039,0.0064,0.0313,-0.0335,0.0167,-0.0085
2019-06,0.0647,0.0959,-0.0093,0.0294,0.1036,0.062,0.0551,0.0192,0.0446,-0.0444,0.0655,0.0434,0.0655,0.0639,0.0892
2019-07,0.0069,0.0579,0.0966,0.007,0.0404,-0.065,0.0447,0.0868,0.0336,-0.0166,-0.0103,-0.1034,0.0833,-0.0154,-0.001
2019-08,-0.0652,-0.1033,-0.0177,0.0336,0.0885,-0.007,-0.0529,0.0885,0.0458,0.0428,0.0419,-0.0754,0.0186,0.175,0.04
2019-09,0.0794,0.0669,0.0818,-0.0086,0.0427,0.0079,0.0713,0.0247,-0.0036,-0.0101,-0.0201,0.0107,0.0345,-0.0742,0.0387
2019-10,0.0236,0.072,-0.1114,-0.0609,-0.0055,0.0206,0.0691,-0.0127,-0.0002,0.019,0.0295,0.0679,0.007,-0.0389,-0.012
2019-11,0.0295,0.0656,0.0673,-0.0114,0.0056,0.0485,0.0548,0.034,-0.0116,0.0355,0.006,0.0133,-0.0197,0.0908,0.0156
2019-12,0.0797,0.0624,0.186,0.015,0.0612,0.061,0.058,0.062,0.0365,0.12,0.0502,0.0171,0.0233,0.0128,0.0024
2020-01,-0.0343,-0.0679,-0.0323,0.078,-0.0138,0.0206,-0.044,-0.0137,0.0551,0.0625,-0.0606,-0.0398,0.0037,-0.0924,-0.0366
2020-02,-0.1508,-0.1319,-0.1892,-0.0842,-0.0676,-0.0903,-0.1228,-0.1135,-0.0841,-0.0914,-0.1039,-0.1026,-0.0914,-0.174,-0.0595
2020-03,-0.0656,-0.2488,0.0993,-0.0179,0.0231,-0.0249,-0.2246,0.0015,-0.1651,0.0998,0.0129,-0.0233,-0.0285,-0.1468,0.0602
2020-04,0.0557,0.1328,0.147,0.0656,0.0903,0.1442,0.0736,0.0918,0.0371,0.1148,0.0312,0.1752,0.0787,0.0747,0.0698
2020-05,0.0681,0.0029,0.0404,0.0293,0.02,-0.0019,0.0162,0.0058,0.0172,-0.0061,0.0174,0.0055,-0.0165,-0.0053,0.0251
2020-06,0.015,-0.0079,0.0109,0.0129,-0.0265,-0.0546,-0.0334,0.0115,-0.0341,0.0734,-0.0344,-0.1438,0.0315,-0.0282,-0.0345
2020-07,0.0734,0.0476,0.0648,0.0598,0.0058,0.0365,0.037,0.0444,0.0573,-0.0846,0.0376,0.1884,0.1032,0.0291,0.0803
2020-08,0.0535,0.0346,0.03,0.0267,0.0613,0.0594,0.0367,0.0361,0.0485,-0.0077,0.0627,-0.0179,0.055,0.0288,0.0772
2020-09,0.0387,-0.0571,-0.0691,-0.0266,-0.0806,-0.0295,-0.0391,-0.0891,0.005,-0.0025,-0.0201,-0.0288,0.0048,-0.0529,0.0076
2020-10,-0.0054,-0.0162,-0.0097,0.0283,-0.0279,-0.0791,0.0277,-0.0263,-0.0265,-0.1186,-0.0933,-0.0332,-0.0079,-0.0378,-0.0083
2020-11,0.0841,0.1882,0.0419,0.0856,0.0718,0.0626,0.2024,0.0253,0.0822,0.1221,0.0689,0.1443,0.0129,0.147,0.1012
2020-12,0.0129,0.0827,-0.0082,-0.0015,-0.0334,0.0878,0.078,-0.0263,0.0628,0.1592,0.0256,-0.0392,0.0019,-0.0117,-0.053
2021-01,-0.0079,-0.0218,-0.0382,-0.0827,0.0027,0.0365,0.0197,-0.0529,-0.122,0.2318,-0.0578,-0.0141,-0.0729,-0.002,-0.0254
2021-02,0.1388,0.1707,-0.0194,-0.0359,-0.0547,-0.0224,0.1438,-0.0209,0.0174,-0.0107,-0.0577,-0.0671,-0.0365,0.0592,-0.0752
2021-03,0.0074,0.1199,0.1082,0.0483,0.1053,0.0372,0.0344,0.1067,0.0845,-0.0882,0.0705,0.0818,0.0963,0.098,0.0497
2021-04,0.1075,0.0476,-0.0063,0.0294,-0.0428,-0.0099,0.0163,-0.0139,0.0241,-0.0217,-0.0336,0.0668,-0.0084,0.0424,0.03
2021-05,0.0597,0.0459,0.0272,0.0382,0.0193,0.0466,0.0678,0.0585,0.0243,0.0975,0.0187,0.0122,0.0107,0.0322,0.0191
2021-06,-0.0891,-0.0231,-0.0451,-0.029,-0.0633,-0.0266,-0.053,-0.0177,-0.0137,0.1491,0.0783,0.0111,0.0006,-0.0722,-0.0071
2021-07,-0.0145,-0.0696,-0.0794,-0.0172,-0.0329,0.0453,-0.0184,-0.0151,0.054,0.0609,-0.0116,0.1032,0.0605,-0.0312,0.0109
2021-08,0.0109,0.0884,-0.0017,-0.0195,-0.0455,0.0116,0.0538,0.0057,-0.0126,0.0642,-0.0075,0.0762,0.0011,0.105,0.0428
2021-09,0.0002,0.0218,0.0226,-0.0304,0.0019,-0.0672,0.0234,0.0124,-0.0607,-0.1055,-0.0069,-0.0664,-0.0182,0.0053,-0.0589
2021-10,0.0705,0.1256,-0.0401,0.014,-0.0356,0.0085,0.044,-0.041,0.0743,0.1026,0.1723,0.017,0.029,0.013,0.072
2021-11,-0.0258,-0.0693,-0.0512,-0.0154,0.0095,-0.0362,-0.0651,0.0075,-0.0621,-0.023,-0.1492,0.2373,0.0111,-0.0069,-0.0588
2021-12,0.0865,0.0052,0.1178,0.1376,0.0776,0.0971,-0.003,0.053,0.1289,0.1136,0.0323,0.099,0.1314,0.1039,0.0328
2022-01,0.1096,0.0371,0.027,-0.0286,0.0237,0.0071,-0.0553,-0.022,0.0304,-0.1116,0.0632,-0.1009,-0.0138,0.0428,-0.0337
2022-02,0.0513,-0.042,0.006,-0.0667,0.0193,-0.0387,-0.0458,0.0241,0.0202,0.0226,-0.0601,-0.1091,-0.0284,0.0245,-0.0333
2022-03,0.1505,-0.0627,-0.04,-0.0146,-0.0089,0.0769,-0.0386,0.0086,0.0032,0.1457,0.0804,0.1029,-0.0198,-0.0327,0.1059
2022-04,-0.0078,-0.1344,0.0498,0.0223,0.0678,0.0182,-0.1171,0.0622,0.0421,0.0201,0.0809,-0.0522,0.0567,0.0394,0.0273
2022-05,0.0185,0.0426,-0.0584,0.0228,0.0146,0.0011,0.1078,0.0266,-0.019,0.0763,0.0377,0.0891,-0.0789,-0.0332,-0.1556
2022-06,-0.1456,-0.1575,0.041,0.0169,0.0029,-0.0113,-0.1484,0.0229,-0.0005,0.0344,-0.0018,-0.0115,-0.0277,-0.0396,-0.0548
2022-07,0.0666,0.0861,-0.0009,-0.0116,0.0348,-0.0168,0.0333,0.0362,0.02,0.0168,-0.0201,-0.029,-0.0276,0.0227,0.0861
2022-08,0.0667,-0.0059,0.0146,-0.0067,0.0209,-0.069,-0.0141,-0.008,-0.0383,-0.0834,-0.0445,-0.1045,-0.007,-0.1383,0.008
2022-09,-0.0847,-0.0949,-0.0509,-0.1018,-0.0647,0.0125,-0.0812,-0.0423,-0.0851,0.0734,0.017,-0.0325,-0.0847,-0.1254,-0.0215
2022-10,0.2055,0.1934,0.1247,0.0578,0.1307,0.0649,0.2142,0.1028,0.0684,0.1198,0.1751,0.0638,0.0739,0.0367,0.0974
2022-11,0.0095,0.0502,0.0439,0.0493,0.0144,0.0297,0.0977,-0.0427,0.0702,0.0275,0.0881,0.0855,0.1076,-0.0233,0.0709
2022-12,-0.0477,-0.1192,0.019,0.0169,0.0574,-0.0076,-0.0295,-0.0234,0,-0.0141,0.0142,0.0221,0.0161,-0.0608,-0.0661
2023-01,-0.1077,0.0713,-0.0305,-0.0481,-0.0784,-0.0749,0.0512,-0.0373,-0.036,-0.0593,-0.0319,-0.1302,-0.0545,0.0562,0.0147
2023-02,-0.0338,-0.0333,-0.021,-0.0165,0.0114,-0.0553,0.0242,-0.0299,-0.0295,-0.0924,-0.0109,-0.0813,-0.0339,-0.0917,-0.0121
2023-03,0.0008,-0.1598,0.0316,0.0252,0.0468,0.0114,-0.091,0.0155,0.0501,0.1035,0.0083,0.0057,0.0809,0.0014,0.0414
2023-04,-0.0198,0.0238,0.0194,0.0683,-0.0056,0.0561,0.0685,0.042,0.0342,0.1527,0.0853,-0.0468,0.058,0.0534,0.0239
2023-05,-0.0894,-0.0509,-0.0814,-0.0679,-0.0691,-0.0455,-0.0183,-0.0345,-0.07,0.0877,-0.0438,-0.0118,-0.0888,-0.1819,-0.0234
2023-06,0.0695,0.0403,-0.033,0.0358,-0.0957,0.0675,0.0717,0.0094,0.0171,0.092,0.0517,-0.0352,0.0648,0.0079,0.0702
2023-07,0.1244,0.1154,-0.0166,-0.0039,0.0105,0.0121,0.093,-0.0076,0.0284,-0.0308,-0.0757,-0.0057,0.0363,0.0917,0.0171
2023-08,-0.0613,-0.0966,-0.0893,-0.0366,-0.0899,-0.0278,-0.0736,-0.0788,-0.0339,0.2217,0.0218,-0.0189,-0.0125,-0.0354,0.0208
2023-09,-0.0489,-0.045,-0.0823,-0.0321,-0.0149,-0.0367,-0.009,-0.0247,-0.0567,-0.0308,-0.0486,-0.0625,-0.0549,-0.0522,-0.0165
2023-10,-0.051,-0.038,-0.0022,0.0631,-0.0073,-0.0476,-0.0339,-0.0939,0.0091,0.0313,-0.0024,-0.0787,0.035,-0.082,0.0218
2023-11,0.0365,0.1667,0.0468,0.0486,-0.0057,0.0506,0.1224,0.0521,0.0427,0.069,-0.0021,0.0105,0.0233,0.0211,-0.0472
2023-12,-0.0205,0.1043,0.0131,0.0119,0.0759,0.0134,0.0898,0.0641,0.0084,-0.0137,0.0713,-0.0551,-0.0455,0.1475,0.0163